,car_name,company_name,year,price,kms_driven,fuel_type
0,Hyundai Grand i10,Hyundai,2024,850000,3381,Petrol
1,Maruti Suzuki Swift,Maruti,2015,380000,87000,Diesel
2,Hyundai Santro Xing,Hyundai,2011,185000,84967,Petrol
3,Honda WR V,Honda,2021,625000,82000,Petrol
4,Maruti Suzuki Maruti,Maruti,2024,1290000,12500,Hybrid
5,Maruti Suzuki Wagon,Maruti,2015,325000,90000,Petrol
6,Renault Kwid 1.0,Renault,2023,475000,4500,Petrol
7,Maruti Suzuki XL6,Maruti,2021,865000,75000,Petrol
8,Mahindra Quanto C4,Mahindra,2013,275000,94000,Diesel
9,Maruti Suzuki Ertiga,Maruti,2012,610000,58000,Petrol
10,Volvo XC 60,Volvo,2016,1399999,30000,Diesel
11,MG Motors Hector,MG,2021,1400000,39000,Petrol
12,Toyota URBAN CRUISER,Toyota,2024,1049000,1800,Petrol
13,Renault Kwid CLIMBER,Renault,2020,445000,12890,Petrol
14,Tata Tiago XZ,Tata,2020,350000,52000,Petrol
15,Toyota Corolla Altis,Toyota,2012,499999,51500,Petrol
16,Kia Seltos HTK,Kia,2024,1695000,8000,Petrol
17,Honda City 1.5,Honda,2013,499000,36050,Petrol
18,Volkswagen VIRTUS,Volkswagen,2024,2075000,12000,Petrol
19,Maruti Suzuki XL6,Maruti,2024,1450000,8000,Petrol
20,Kia Carens Luxury,Kia,2022,2100000,17000,Diesel
21,Hyundai Creta 1.6,Hyundai,2023,1650000,33900,Diesel
22,Hyundai EXTER,Hyundai,2023,950000,16500,Petrol
23,Toyota Glanza V,Toyota,2024,850000,4200,Petrol
24,Maruti Suzuki Wagon,Maruti,2015,325000,90000,Petrol
25,Renault Kwid 1.0,Renault,2023,475000,4500,Petrol
26,Maruti Suzuki XL6,Maruti,2021,865000,75000,Petrol
27,Mahindra Quanto C4,Mahindra,2013,275000,94000,Diesel
28,Maruti Suzuki Ertiga,Maruti,2012,610000,58000,Petrol
29,Volvo XC 60,Volvo,2016,1399999,30000,Diesel
30,MG Motors Hector,MG,2021,1400000,39000,Petrol
31,Toyota URBAN CRUISER,Toyota,2024,1049000,1800,Petrol
32,Renault Kwid CLIMBER,Renault,2020,445000,12890,Petrol
33,Tata Tiago XZ,Tata,2020,350000,52000,Petrol
34,Toyota Corolla Altis,Toyota,2012,499999,51500,Petrol
35,Kia Seltos HTK,Kia,2024,1695000,8000,Petrol
36,Honda City 1.5,Honda,2013,499000,36050,Petrol
37,Volkswagen VIRTUS,Volkswagen,2024,2075000,12000,Petrol
38,Maruti Suzuki XL6,Maruti,2024,1450000,8000,Petrol
39,Kia Carens Luxury,Kia,2022,2100000,17000,Diesel
40,Hyundai Creta 1.6,Hyundai,2023,1650000,33900,Diesel
41,Hyundai EXTER,Hyundai,2023,950000,16500,Petrol
42,Toyota Glanza V,Toyota,2024,850000,4200,Petrol
43,Skoda Rapid 1.6,Skoda,2015,441000,71000,Diesel
44,Maruti Suzuki Celerio,Maruti,2014,285000,73000,Petrol
45,Ford Fiesta Classic,Ford,2012,229999,46629,Diesel
46,Mahindra XUV700,Mahindra,2024,2525000,31000,Diesel
47,MG Motors Astor,MG,2023,1190000,36000,Petrol
48,Maruti Suzuki Ritz,Maruti,2012,395000,75000,Diesel
49,Mahindra XUV500,Mahindra,2015,800000,70000,Diesel
50,Maruti Suzuki Ciaz,Maruti,2019,825000,10700,Petrol
51,Honda City VX,Honda,2014,490000,57000,Petrol
52,Hyundai Creta 1.6,Hyundai,2016,725000,0,Diesel
53,Toyota Fortuner 4x2,Toyota,2021,3450000,60000,Diesel
54,Honda City V,Honda,2021,925000,57300,Petrol
55,Mahindra Thar,Mahindra,2023,1755000,11000,Petrol
56,Mercedes Benz GLA,Mercedes,2014,1275000,40000,Diesel
57,Honda Amaze 1.2,Honda,2015,445000,29000,Petrol
58,Volkswagen Polo IPL,Volkswagen,2016,595000,45000,Petrol
59,Maruti Suzuki Ertiga,Maruti,2024,1100000,35000,Petrol
60,Maruti Suzuki XL6,Maruti,2021,865000,75000,Petrol
61,Hyundai Creta 1.6,Hyundai,2022,1695000,10500,Petrol
62,MG Motors Gloster,MG,2024,4550000,2265,Diesel
63,Volkswagen Tiguan,Volkswagen,2022,2535000,31000,Petrol
64,Hyundai NEW I20,Hyundai,2024,1230000,17930,Petrol
65,Honda ELEVATE,Honda,2024,1850000,13955,Petrol
66,Volkswagen VIRTUS,Volkswagen,2023,1395000,44500,Petrol
67,Maruti Suzuki Celerio,Maruti,2014,285000,73000,Petrol
68,Ford Fiesta Classic,Ford,2012,229999,46629,Diesel
69,Mahindra XUV700,Mahindra,2024,2525000,31000,Diesel
70,MG Motors Astor,MG,2023,1190000,36000,Petrol
71,Maruti Suzuki Ritz,Maruti,2012,395000,75000,Diesel
72,Mahindra XUV500,Mahindra,2015,800000,70000,Diesel
73,Maruti Suzuki Ciaz,Maruti,2019,825000,10700,Petrol
74,Honda City VX,Honda,2014,490000,57000,Petrol
75,Hyundai Creta 1.6,Hyundai,2016,725000,0,Diesel
76,Toyota Fortuner 4x2,Toyota,2021,3450000,60000,Diesel
77,Honda City V,Honda,2021,925000,57300,Petrol
78,Mahindra Thar,Mahindra,2023,1755000,11000,Petrol
79,Mercedes Benz GLA,Mercedes,2014,1275000,40000,Diesel
80,Honda Amaze 1.2,Honda,2015,445000,29000,Petrol
81,Volkswagen Polo IPL,Volkswagen,2016,595000,45000,Petrol
82,Maruti Suzuki Ertiga,Maruti,2024,1100000,35000,Petrol
83,Maruti Suzuki XL6,Maruti,2021,865000,75000,Petrol
84,Hyundai Creta 1.6,Hyundai,2022,1695000,10500,Petrol
85,MG Motors Gloster,MG,2024,4550000,2265,Diesel
86,Volkswagen Tiguan,Volkswagen,2022,2535000,31000,Petrol
87,Hyundai NEW I20,Hyundai,2024,1230000,17930,Petrol
88,Honda ELEVATE,Honda,2024,1850000,13955,Petrol
89,Volkswagen VIRTUS,Volkswagen,2023,1395000,44500,Petrol
90,Toyota Innova Crysta,Toyota,2022,2250000,90000,Diesel
91,Mahindra Scorpio W,Mahindra,2017,650000,15000,Diesel
92,Honda Jazz V,Honda,2016,395000,81000,Petrol
93,Mahindra Bolero Neo,Mahindra,2023,935000,39000,Diesel
94,Volkswagen Polo Comfortline,Volkswagen,2011,265000,10000,Diesel
95,Hyundai Grand i10,Hyundai,2019,435000,79000,Petrol
96,Mahindra Thar CRDe,Mahindra,2022,1425000,22000,Diesel
97,Audi Q7 45,Audi,2017,3499000,40000,Diesel
98,Audi Q7 45,Audi,2017,3499000,40000,Diesel
99,Mercedes Benz GLC,Mercedes,2017,2750000,74000,Diesel
100,Mercedes Benz GLC,Mercedes,2017,2750000,74000,Diesel
101,Volvo S60 Cross,Volvo,2016,1399000,60000,Diesel
102,Volvo S60 Cross,Volvo,2016,1399000,60000,Diesel
103,BMW 3 Series,BMW,2017,2275000,60000,Diesel
104,BMW 3 Series,BMW,2017,2275000,60000,Diesel
105,Honda City ZX,Honda,2017,645000,50043,Petrol
106,BMW 3 Series,BMW,2020,3300000,21930,Diesel
107,Force Motors Gurkha,Force,2022,1175000,37600,Diesel
108,Volkswagen VIRTUS,Volkswagen,2022,1650000,22000,Petrol
109,Kia Sonet GTX,Kia,2023,1545000,12930,Diesel
110,Mahindra XUV 700,Mahindra,2024,2490000,23000,Diesel
111,Honda City V,Honda,2021,985000,27000,Petrol
112,Skoda Octavia L,Skoda,2020,1495000,75000,Diesel
113,Toyota Corolla Altis,Toyota,2013,425000,20000,Petrol
114,Hyundai Grand i10,Hyundai,2019,435000,79000,Petrol
115,Mahindra Thar CRDe,Mahindra,2022,1425000,22000,Diesel
116,Audi Q7 45,Audi,2017,3499000,40000,Diesel
117,Audi Q7 45,Audi,2017,3499000,40000,Diesel
118,Mercedes Benz GLC,Mercedes,2017,2750000,74000,Diesel
119,Mercedes Benz GLC,Mercedes,2017,2750000,74000,Diesel
120,Volvo S60 Cross,Volvo,2016,1399000,60000,Diesel
121,Volvo S60 Cross,Volvo,2016,1399000,60000,Diesel
122,BMW 3 Series,BMW,2017,2275000,60000,Diesel
123,BMW 3 Series,BMW,2017,2275000,60000,Diesel
124,Honda City ZX,Honda,2017,645000,50043,Petrol
125,BMW 3 Series,BMW,2020,3300000,21930,Diesel
126,Force Motors Gurkha,Force,2022,1175000,37600,Diesel
127,Volkswagen VIRTUS,Volkswagen,2022,1650000,22000,Petrol
128,Kia Sonet GTX,Kia,2023,1545000,12930,Diesel
129,Mahindra XUV 700,Mahindra,2024,2490000,23000,Diesel
130,Honda City V,Honda,2021,985000,27000,Petrol
131,Skoda Octavia L,Skoda,2020,1495000,75000,Diesel
132,Toyota Corolla Altis,Toyota,2013,425000,20000,Petrol
133,BMW 1 Series,BMW,2015,1525000,72000,Diesel
134,BMW 1 Series,BMW,2015,1525000,72000,Diesel
135,BMW 1 Series,BMW,2015,1525000,72000,Diesel
136,Mercedes Benz E,Mercedes,2015,2175000,48000,Diesel
137,Mercedes Benz E,Mercedes,2015,2175000,48000,Diesel
138,Mercedes Benz E,Mercedes,2015,2175000,48000,Diesel
139,Volvo XC 60,Volvo,2012,1399000,89000,Diesel
140,Volvo XC60 D3,Volvo,2012,1399000,89000,Diesel
141,Maruti Suzuki Wagon,Maruti,2007,110000,94000,Petrol
142,Volvo XC 60,Volvo,2012,1399000,89000,Diesel
143,BMW X1 sDrive20d,BMW,2018,1840000,57000,Diesel
144,Mitsubishi Outlander 2.4,Mitsubishi,2012,815000,52000,Petrol
145,Mitsubishi Outlander 2.4,Mitsubishi,2012,815000,52000,Petrol
146,Mitsubishi Outlander 2.4,Mitsubishi,2012,815000,52000,Petrol
147,BMW X1 sDrive20d,BMW,2018,1840000,57000,Diesel
148,BMW X1 sDrive20d,BMW,2015,1450000,56000,Diesel
149,Kia Sonet GTX,Kia,2021,1230000,25000,Petrol
150,Toyota Innova Crysta,Toyota,2018,1399000,70000,Diesel
151,Volkswagen VIRTUS,Volkswagen,2024,2075000,13995,Petrol
152,Maruti Suzuki Swift,Maruti,2018,430000,65000,Diesel
153,Hyundai Verna 1.6,Hyundai,2023,1695000,20750,Petrol
154,Volkswagen VIRTUS,Volkswagen,2023,1680000,2300,Petrol
155,Honda Amaze 1.2,Honda,2021,790000,24352,Petrol
156,Kia Seltos HTK,Kia,2022,1625000,15750,Diesel
157,Mercedes Benz E,Mercedes,2015,2175000,48000,Diesel
158,Mercedes Benz E,Mercedes,2015,2175000,48000,Diesel
159,Mercedes Benz E,Mercedes,2015,2175000,48000,Diesel
160,Volvo XC 60,Volvo,2012,1399000,89000,Diesel
161,Volvo XC60 D3,Volvo,2012,1399000,89000,Diesel
162,Maruti Suzuki Wagon,Maruti,2007,110000,94000,Petrol
163,Volvo XC 60,Volvo,2012,1399000,89000,Diesel
164,BMW X1 sDrive20d,BMW,2018,1840000,57000,Diesel
165,Mitsubishi Outlander 2.4,Mitsubishi,2012,815000,52000,Petrol
166,Mitsubishi Outlander 2.4,Mitsubishi,2012,815000,52000,Petrol
167,Mitsubishi Outlander 2.4,Mitsubishi,2012,815000,52000,Petrol
168,BMW X1 sDrive20d,BMW,2018,1840000,57000,Diesel
169,BMW X1 sDrive20d,BMW,2015,1450000,56000,Diesel
170,Kia Sonet GTX,Kia,2021,1230000,25000,Petrol
171,Toyota Innova Crysta,Toyota,2018,1399000,70000,Diesel
172,Volkswagen VIRTUS,Volkswagen,2024,2075000,13995,Petrol
173,Maruti Suzuki Swift,Maruti,2018,430000,65000,Diesel
174,Hyundai Verna 1.6,Hyundai,2023,1695000,20750,Petrol
175,Volkswagen VIRTUS,Volkswagen,2023,1680000,2300,Petrol
176,Honda Amaze 1.2,Honda,2021,790000,24352,Petrol
177,Kia Seltos HTK,Kia,2022,1625000,15750,Diesel
178,BMW X1 sDrive20d,BMW,2018,1840000,57000,Diesel
179,BMW X1 sDrive20d,BMW,2015,1450000,56000,Diesel
180,BMW X1 sDrive20d,BMW,2015,1450000,56000,Diesel
181,Mercedes Benz E,Mercedes,2009,625000,0,Diesel
182,Mercedes Benz E,Mercedes,2009,625000,0,Diesel
183,Mercedes Benz E,Mercedes,2009,625000,0,Diesel
184,Mercedes Benz E,Mercedes,2009,625000,0,Diesel
185,Mercedes Benz E,Mercedes,2009,625000,0,Diesel
186,BMW 5 Series,BMW,2012,970000,10000,Diesel
187,BMW 5 Series,BMW,2012,970000,10000,Diesel
188,BMW 5 Series,BMW,2012,970000,10000,Diesel
189,Toyota Fortuner 3.0,Toyota,2011,900000,55000,Diesel
190,Maruti Suzuki Eeco,Maruti,2024,675000,6500,Petrol
191,Hyundai i20 Sportz,Hyundai,2021,625000,29500,Petrol
192,Mercedes Benz C,Mercedes,1996,650000,79000,Petrol
193,Mahindra Thar CRDe,Mahindra,2015,650000,71000,Diesel
194,Honda Amaze 1.2,Honda,2024,995000,3650,Petrol
195,Mahindra XUV 300,Mahindra,2021,749000,47000,Diesel
196,Lexus NX 300h,Lexus,2018,3590000,61000,Hybrid
197,Mahindra XUV500,Mahindra,2017,749000,55000,Diesel
198,Toyota Yaris VX,Toyota,2018,695000,67000,Petrol
199,MG Motors Hector,MG,2022,1399000,41000,Diesel
200,Hyundai NEW I20,Hyundai,2022,1130000,28950,Petrol
201,Lexus ES 300h,Lexus,2023,4490000,38000,Petrol
202,BMW X1 sDrive20d,BMW,2015,1450000,56000,Diesel
203,Mercedes Benz E,Mercedes,2009,625000,0,Diesel
204,Mercedes Benz E,Mercedes,2009,625000,0,Diesel
205,Mercedes Benz E,Mercedes,2009,625000,0,Diesel
206,Mercedes Benz E,Mercedes,2009,625000,0,Diesel
207,Mercedes Benz E,Mercedes,2009,625000,0,Diesel
208,BMW 5 Series,BMW,2012,970000,10000,Diesel
209,BMW 5 Series,BMW,2012,970000,10000,Diesel
210,BMW 5 Series,BMW,2012,970000,10000,Diesel
211,Toyota Fortuner 3.0,Toyota,2011,900000,55000,Diesel
212,Maruti Suzuki Eeco,Maruti,2024,675000,6500,Petrol
213,Hyundai i20 Sportz,Hyundai,2021,625000,29500,Petrol
214,Mercedes Benz C,Mercedes,1996,650000,79000,Petrol
215,Mahindra Thar CRDe,Mahindra,2015,650000,71000,Diesel
216,Honda Amaze 1.2,Honda,2024,995000,3650,Petrol
217,Mahindra XUV 300,Mahindra,2021,749000,47000,Diesel
218,Lexus NX 300h,Lexus,2018,3590000,61000,Hybrid
219,Mahindra XUV500,Mahindra,2017,749000,55000,Diesel
220,Toyota Yaris VX,Toyota,2018,695000,67000,Petrol
221,MG Motors Hector,MG,2022,1399000,41000,Diesel
222,Hyundai NEW I20,Hyundai,2022,1130000,28950,Petrol
223,Lexus ES 300h,Lexus,2023,4490000,38000,Petrol
224,Maruti Suzuki Swift,Maruti,2015,375000,43000,Petrol
225,Ford Figo Duratec,Ford,2010,160000,95600,Petrol
226,Volkswagen Vento Highline,Volkswagen,2013,325000,89000,Diesel
227,Mercedes Benz E,Mercedes,1996,1000000,15000,Petrol
228,BMW X1 xDrive20d,BMW,2013,750000,88000,Diesel
229,Mercedes Benz E,Mercedes,1996,1000000,15000,Petrol
230,Mercedes Benz E,Mercedes,2015,1475000,52200,Diesel
231,Audi Q7 3.0,Audi,2012,1150000,70323,Diesel
232,Mercedes Benz E,Mercedes,2015,1325000,75000,Petrol
233,Mercedes Benz GL,Mercedes,2010,1125000,2000,Diesel
234,Maruti Suzuki Swift,Maruti,2012,310000,2000,Petrol
235,Mercedes Benz E,Mercedes,1996,1000000,15000,Petrol
236,Skoda Superb L,Skoda,2019,2100000,70000,Diesel
237,Mahindra TUV300 T8,Mahindra,2017,799000,50000,Diesel
238,Maruti Suzuki Alto,Maruti,2013,145000,81000,Petrol
239,Maruti Suzuki Ertiga,Maruti,2016,750000,70000,Petrol
240,Mercedes Benz GLA,Mercedes,2018,1725000,54000,Petrol
241,Honda City VX,Honda,2024,1420000,9500,Petrol
242,Ford Fiesta 1.6,Ford,2011,220000,400,Petrol
243,Tata Tigor Revotron,Tata,2018,475000,34000,Petrol
244,Volkswagen Vento Highline,Volkswagen,2015,575000,66000,Petrol
245,Hyundai Verna Fluidic,Hyundai,2017,370000,30340,Diesel
246,Jeep Compass Limited,Jeep,2017,1750000,31000,Diesel
247,Jeep Compass Limited,Jeep,2017,1750000,31000,Diesel
248,Mercedes Benz E,Mercedes,2015,1475000,52200,Diesel
249,Audi Q7 3.0,Audi,2012,1150000,70323,Diesel
250,Mercedes Benz E,Mercedes,2015,1325000,75000,Petrol
251,Mercedes Benz GL,Mercedes,2010,1125000,2000,Diesel
252,Maruti Suzuki Swift,Maruti,2012,310000,2000,Petrol
253,Mercedes Benz E,Mercedes,1996,1000000,15000,Petrol
254,Skoda Superb L,Skoda,2019,2100000,70000,Diesel
255,Mahindra TUV300 T8,Mahindra,2017,799000,50000,Diesel
256,Maruti Suzuki Alto,Maruti,2013,145000,81000,Petrol
257,Maruti Suzuki Ertiga,Maruti,2016,750000,70000,Petrol
258,Mercedes Benz GLA,Mercedes,2018,1725000,54000,Petrol
259,Honda City VX,Honda,2024,1420000,9500,Petrol
260,Ford Fiesta 1.6,Ford,2011,220000,400,Petrol
261,Tata Tigor Revotron,Tata,2018,475000,34000,Petrol
262,Volkswagen Vento Highline,Volkswagen,2015,575000,66000,Petrol
263,Hyundai Verna Fluidic,Hyundai,2017,370000,30340,Diesel
264,Jeep Compass Limited,Jeep,2017,1750000,31000,Diesel
265,Jeep Compass Limited,Jeep,2017,1750000,31000,Diesel
266,Hyundai Verna Fluidic,Hyundai,2016,600000,88000,Petrol
267,Maruti Suzuki Ertiga,Maruti,2016,690000,16500,Petrol
268,Toyota Etios G,Toyota,2012,175000,54272,Petrol
269,Audi Q3 35,Audi,2014,1099000,50000,Diesel
270,Maruti Suzuki Vitara,Maruti,2023,1055000,76000,Petrol
271,Hyundai Verna 1.4,Hyundai,2017,625000,59000,Petrol
272,Chevrolet Tavera B2,Chevrolet,2015,455000,29000,Diesel
273,Hyundai Verna 1.6,Hyundai,2018,660000,47500,Petrol
274,Jeep Compass Limited,Jeep,2017,1750000,31000,Diesel
275,Jeep Compass Limited,Jeep,2017,1750000,31000,Diesel
276,Jeep Compass Limited,Jeep,2017,1750000,31000,Diesel
277,Jeep Compass Limited,Jeep,2017,1750000,31000,Diesel
278,Jeep Compass Limited,Jeep,2017,1750000,31000,Diesel
279,Jeep Compass Limited,Jeep,2017,1750000,31000,Diesel
280,Jeep Compass Limited,Jeep,2017,1750000,31000,Diesel
281,Hyundai Fluidic Verna,Hyundai,2013,650000,77000,Petrol
282,Maruti Suzuki Vitara,Maruti,2017,470000,30000,Diesel
283,Hyundai Santro Xing,Hyundai,2008,210000,95000,Petrol
284,Maruti Suzuki BREZZA,Maruti,2021,640000,84000,CNG
285,Maruti Suzuki BREZZA,Maruti,2021,640000,84000,CNG
286,Hyundai Xcent SX,Hyundai,2017,421000,80000,Petrol
287,Mahindra XUV500,Mahindra,2012,550000,50000,Diesel
288,Maruti Suzuki Wagon,Maruti,2012,130000,63000,CNG
289,Maruti Suzuki Vitara,Maruti,2023,1055000,76000,Petrol
290,Hyundai Verna 1.4,Hyundai,2017,625000,59000,Petrol
291,Chevrolet Tavera B2,Chevrolet,2015,455000,29000,Diesel
292,Hyundai Verna 1.6,Hyundai,2018,660000,47500,Petrol
293,Jeep Compass Limited,Jeep,2017,1750000,31000,Diesel
294,Jeep Compass Limited,Jeep,2017,1750000,31000,Diesel
295,Jeep Compass Limited,Jeep,2017,1750000,31000,Diesel
296,Jeep Compass Limited,Jeep,2017,1750000,31000,Diesel
297,Jeep Compass Limited,Jeep,2017,1750000,31000,Diesel
298,Jeep Compass Limited,Jeep,2017,1750000,31000,Diesel
299,Jeep Compass Limited,Jeep,2017,1750000,31000,Diesel
300,Hyundai Fluidic Verna,Hyundai,2013,650000,77000,Petrol
301,Maruti Suzuki Vitara,Maruti,2017,470000,30000,Diesel
302,Hyundai Santro Xing,Hyundai,2008,210000,95000,Petrol
303,Maruti Suzuki BREZZA,Maruti,2021,640000,84000,CNG
304,Maruti Suzuki BREZZA,Maruti,2021,640000,84000,CNG
305,Hyundai Xcent SX,Hyundai,2017,421000,80000,Petrol
306,Mahindra XUV500,Mahindra,2012,550000,50000,Diesel
307,Maruti Suzuki Wagon,Maruti,2012,130000,63000,CNG
308,Toyota Corolla H1,Toyota,2007,200000,96000,Petrol
309,Mahindra Bolero DI,Mahindra,2013,320000,85000,Diesel
310,Maruti Suzuki Vitara,Maruti,2024,1550000,43000,CNG
311,Toyota Corolla H1,Toyota,2007,200000,96000,Petrol
312,Skoda Rapid Ambition,Skoda,2018,625000,63000,Diesel
313,Mahindra Bolero Power,Mahindra,2018,660000,26000,Diesel
314,Hyundai i10 Era,Hyundai,2011,109000,99500,Hybrid
315,Maruti Suzuki Ritz,Maruti,2010,250000,0,Diesel
316,Mahindra Bolero Power,Mahindra,2018,660000,26000,Diesel
317,Toyota Innova 2.0,Toyota,2005,375000,0,Diesel
318,Maruti Suzuki Wagon,Maruti,2015,350000,70000,Petrol
319,Mahindra Bolero SLE,Mahindra,2016,299998,34709,Diesel
320,Hyundai i20 Sportz,Hyundai,2023,860000,4650,Petrol
321,Maruti Suzuki Ciaz,Maruti,2015,360000,81000,Diesel
322,Maruti Suzuki Swift,Maruti,2019,710000,4550,Petrol
323,Toyota Corolla Altis,Toyota,2018,950000,82350,Petrol
324,Tata Zest Revotron,Tata,2015,189500,73815,Petrol
325,Hyundai Grand i10,Hyundai,2015,350000,56000,Petrol
326,Maruti Suzuki Eeco,Maruti,2024,620000,2800,Petrol
327,Maruti Suzuki Vitara,Maruti,2018,700000,15000,Diesel
328,Skoda Rapid 1.6,Skoda,2016,400000,49000,Petrol
329,Maruti Suzuki Celerio,Maruti,2014,310000,0,Petrol
330,Maruti Suzuki Zen,Maruti,2007,100000,50000,Petrol
331,Toyota Corolla H1,Toyota,2007,200000,96000,Petrol
332,Skoda Rapid Ambition,Skoda,2018,625000,63000,Diesel
333,Mahindra Bolero Power,Mahindra,2018,660000,26000,Diesel
334,Hyundai i10 Era,Hyundai,2011,109000,99500,Hybrid
335,Maruti Suzuki Ritz,Maruti,2010,250000,0,Diesel
336,Mahindra Bolero Power,Mahindra,2018,660000,26000,Diesel
337,Toyota Innova 2.0,Toyota,2005,375000,0,Diesel
338,Maruti Suzuki Wagon,Maruti,2015,350000,70000,Petrol
339,Mahindra Bolero SLE,Mahindra,2016,299998,34709,Diesel
340,Hyundai i20 Sportz,Hyundai,2023,860000,4650,Petrol
341,Maruti Suzuki Ciaz,Maruti,2015,360000,81000,Diesel
342,Maruti Suzuki Swift,Maruti,2019,710000,4550,Petrol
343,Toyota Corolla Altis,Toyota,2018,950000,82350,Petrol
344,Tata Zest Revotron,Tata,2015,189500,73815,Petrol
345,Hyundai Grand i10,Hyundai,2015,350000,56000,Petrol
346,Maruti Suzuki Eeco,Maruti,2024,620000,2800,Petrol
347,Maruti Suzuki Vitara,Maruti,2018,700000,15000,Diesel
348,Skoda Rapid 1.6,Skoda,2016,400000,49000,Petrol
349,Maruti Suzuki Celerio,Maruti,2014,310000,0,Petrol
350,Maruti Suzuki Zen,Maruti,2007,100000,50000,Petrol
351,Maruti Suzuki SX4,Maruti,2011,300000,26000,Petrol
352,Ford EcoSport Titanium,Ford,2016,560000,30000,Petrol
353,Tata Indigo eCS,Tata,2015,160000,80000,Diesel
354,Renault Kwid RXL,Renault,2017,280000,44000,Petrol
355,Tata Nexon XT,Tata,2018,425000,68000,Petrol
356,Renault Kiger RXT,Renault,2023,699000,19000,Petrol
357,Chevrolet Beat,Chevrolet,2012,130000,95000,Diesel
358,Honda Civic 1.8,Honda,2007,330000,20000,Petrol
359,Maruti Suzuki CELERIO,Maruti,2023,525000,16000,Petrol
360,Maruti Suzuki CELERIO,Maruti,2023,525000,16000,Petrol
361,Maruti Suzuki Swift,Maruti,2022,480000,67000,CNG
362,Hyundai EXTER,Hyundai,2023,700000,53900,Petrol
363,Toyota Etios GD,Toyota,2015,290000,75000,Diesel
364,Tata Indigo CS,Tata,2009,175000,7718,Diesel
365,Hyundai Grand i10,Hyundai,2015,395000,48278,Petrol
366,Hyundai i10 ERA,Hyundai,2011,210000,43000,Petrol
367,Mahindra Thar DI,Mahindra,2023,1099999,25000,Diesel
368,Tata ALTROZ XZ,Tata,2022,700000,34000,Petrol
369,Renault Kiger RXZ,Renault,2022,620000,9898,Petrol
370,Renault Kiger RXT,Renault,2023,488888,11875,Petrol
371,Hyundai Eon Sportz,Hyundai,2013,150000,48000,Petrol
372,Maruti Suzuki Swift,Maruti,2016,380000,23852,Diesel
373,Skoda Rapid 1.6,Skoda,2012,420000,51000,Diesel
374,Maruti Suzuki Celerio,Maruti,2020,250000,77175,Petrol
375,Ford EcoSport Titanium,Ford,2016,560000,30000,Petrol
376,Tata Indigo eCS,Tata,2015,160000,80000,Diesel
377,Renault Kwid RXL,Renault,2017,280000,44000,Petrol
378,Tata Nexon XT,Tata,2018,425000,68000,Petrol
379,Renault Kiger RXT,Renault,2023,699000,19000,Petrol
380,Chevrolet Beat,Chevrolet,2012,130000,95000,Diesel
381,Honda Civic 1.8,Honda,2007,330000,20000,Petrol
382,Maruti Suzuki CELERIO,Maruti,2023,525000,16000,Petrol
383,Maruti Suzuki CELERIO,Maruti,2023,525000,16000,Petrol
384,Maruti Suzuki Swift,Maruti,2022,480000,67000,CNG
385,Hyundai EXTER,Hyundai,2023,700000,53900,Petrol
386,Toyota Etios GD,Toyota,2015,290000,75000,Diesel
387,Tata Indigo CS,Tata,2009,175000,7718,Diesel
388,Hyundai Grand i10,Hyundai,2015,395000,48278,Petrol
389,Hyundai i10 ERA,Hyundai,2011,210000,43000,Petrol
390,Mahindra Thar DI,Mahindra,2023,1099999,25000,Diesel
391,Tata ALTROZ XZ,Tata,2022,700000,34000,Petrol
392,Renault Kiger RXZ,Renault,2022,620000,9898,Petrol
393,Renault Kiger RXT,Renault,2023,488888,11875,Petrol
394,Hyundai Eon Sportz,Hyundai,2013,150000,48000,Petrol
395,Maruti Suzuki Swift,Maruti,2016,380000,23852,Diesel
396,Skoda Rapid 1.6,Skoda,2012,420000,51000,Diesel
397,Maruti Suzuki Celerio,Maruti,2020,250000,77175,Petrol
398,Maruti Suzuki Celerio,Maruti,2024,520000,34582,Petrol
399,Skoda Rapid 1.6,Skoda,2012,420000,51000,Diesel
400,Skoda Rapid 1.6,Skoda,2012,420000,51000,Diesel
401,Toyota Corolla,Toyota,2007,200000,96000,Petrol
402,Mahindra Xylo H4,Mahindra,2013,280000,73980,Diesel
403,Toyota Etios Liva,Toyota,2012,215000,85000,Diesel
404,Hyundai Santro Xing,Hyundai,2005,80000,19000,Petrol
405,Honda City 1.5,Honda,2011,189999,90000,Petrol
406,Toyota Etios GD,Toyota,2015,325000,74000,Diesel
407,Ford Figo EXI,Ford,2013,275000,94000,Diesel
408,Maruti Suzuki Baleno,Maruti,2019,425000,58000,Petrol
409,Maruti Suzuki Swift,Maruti,2017,395000,95000,Diesel
410,Maruti Suzuki Ertiga,Maruti,2012,380000,80000,Diesel
411,Hyundai Elite i20,Hyundai,2020,475000,69300,Petrol
412,Maruti Suzuki Ertiga,Maruti,2012,400000,84000,Diesel
413,Tata Safari Storme,Tata,2016,650000,32000,Diesel
414,Maruti Suzuki Swift,Maruti,2015,420000,22000,Diesel
415,Tata Safari Storme,Tata,2016,650000,32000,Diesel
416,Hyundai i10 Magna,Hyundai,2016,350000,28000,Petrol
417,Tata Safari Storme,Tata,2016,650000,32000,Diesel
418,Maruti Suzuki Wagon,Maruti,2016,210000,50000,CNG
419,Mahindra Scorpio 2.6,Mahindra,2005,200000,0,Diesel
420,Nissan MAGNITE XV,Nissan,2023,650000,33000,Petrol
421,Toyota Etios GD,Toyota,2015,325000,74000,Diesel
422,Ford Figo EXI,Ford,2013,275000,94000,Diesel
423,Maruti Suzuki Baleno,Maruti,2019,425000,58000,Petrol
424,Maruti Suzuki Swift,Maruti,2017,395000,95000,Diesel
425,Maruti Suzuki Ertiga,Maruti,2012,380000,80000,Diesel
426,Hyundai Elite i20,Hyundai,2020,475000,69300,Petrol
427,Maruti Suzuki Ertiga,Maruti,2012,400000,84000,Diesel
428,Tata Safari Storme,Tata,2016,650000,32000,Diesel
429,Maruti Suzuki Swift,Maruti,2015,420000,22000,Diesel
430,Tata Safari Storme,Tata,2016,650000,32000,Diesel
431,Hyundai i10 Magna,Hyundai,2016,350000,28000,Petrol
432,Tata Safari Storme,Tata,2016,650000,32000,Diesel
433,Maruti Suzuki Wagon,Maruti,2016,210000,50000,CNG
434,Mahindra Scorpio 2.6,Mahindra,2005,200000,0,Diesel
435,Nissan MAGNITE XV,Nissan,2023,650000,33000,Petrol
436,Maruti Suzuki 800,Maruti,2006,95000,65000,Petrol
437,Tata Zest XT,Tata,2016,260000,54000,Petrol
438,Mahindra XUV500,Mahindra,2018,750000,50000,Diesel
439,Tata Indica V2,Tata,2016,85000,80000,Diesel
440,Toyota Innova 2.5,Toyota,2009,1099999,30000,Diesel
441,Mahindra SCORPIO N,Mahindra,2024,1850000,16500,Diesel
442,Renault Kwid RXT,Renault,2016,145000,61000,Petrol
443,Maruti Suzuki Swift,Maruti,2012,120000,95000,Hybrid
444,Maruti Suzuki Ertiga,Maruti,2021,785000,96255,CNG
445,Maruti Suzuki Swift,Maruti,2012,480000,30000,Diesel
446,Renault Kwid 1.0,Renault,2020,325000,12000,Petrol
447,Renault Kwid 1.0,Renault,2020,325000,12000,Petrol
448,Hyundai i20 Asta,Hyundai,2009,160000,0,Petrol
449,Hyundai Santro 1.1,Hyundai,2021,475000,14500,Petrol
450,Tata Indica,Tata,2005,41000,50000,Diesel
451,Hyundai Verna 1.6,Hyundai,2012,350000,85000,Diesel
452,Maruti Suzuki Swift,Maruti,2017,490000,74900,Diesel
453,Hyundai XCENT PRIME,Hyundai,2018,400000,808,CNG
454,Tata Nexon XMA,Tata,2020,600000,50000,Petrol
455,Tata Tiago XZ,Tata,2017,325000,22900,CNG
456,Hyundai Santro Xing,Hyundai,2005,105000,44500,Petrol
457,Maruti Suzuki FRONX,Maruti,2023,1075000,16000,Petrol
458,Hyundai Venue S,Hyundai,2024,999999,68,Petrol
459,Mahindra SCORPIO N,Mahindra,2024,1850000,16500,Diesel
460,Renault Kwid RXT,Renault,2016,145000,61000,Petrol
461,Maruti Suzuki Swift,Maruti,2012,120000,95000,Hybrid
462,Maruti Suzuki Ertiga,Maruti,2021,785000,96255,CNG
463,Maruti Suzuki Swift,Maruti,2012,480000,30000,Diesel
464,Renault Kwid 1.0,Renault,2020,325000,12000,Petrol
465,Renault Kwid 1.0,Renault,2020,325000,12000,Petrol
466,Hyundai i20 Asta,Hyundai,2009,160000,0,Petrol
467,Hyundai Santro 1.1,Hyundai,2021,475000,14500,Petrol
468,Tata Indica,Tata,2005,41000,50000,Diesel
469,Hyundai Verna 1.6,Hyundai,2012,350000,85000,Diesel
470,Maruti Suzuki Swift,Maruti,2017,490000,74900,Diesel
471,Hyundai XCENT PRIME,Hyundai,2018,400000,808,CNG
472,Tata Nexon XMA,Tata,2020,600000,50000,Petrol
473,Tata Tiago XZ,Tata,2017,325000,22900,CNG
474,Hyundai Santro Xing,Hyundai,2005,105000,44500,Petrol
475,Maruti Suzuki FRONX,Maruti,2023,1075000,16000,Petrol
476,Hyundai Venue S,Hyundai,2024,999999,68,Petrol
477,Maruti Suzuki Wagon,Maruti,2013,222000,10000,Petrol
478,Audi Q3 35,Audi,2016,1040000,97000,Diesel
479,Mahindra MM Range,Mahindra,2018,975000,8000,Diesel
480,Maruti Suzuki Swift,Maruti,2013,250000,70000,Diesel
481,Mahindra Scorpio S10,Mahindra,2015,800000,33000,Diesel
482,Mitsubishi Outlander 2.4,Mitsubishi,2012,651000,67000,Petrol
483,Hyundai Verna 1.6,Hyundai,2012,350000,85000,Diesel
484,Honda City V,Honda,2015,450000,10000,Diesel
485,Honda City VX,Honda,2015,670000,84000,Petrol
486,Honda City VX,Honda,2015,670000,84000,Petrol
487,Maruti Suzuki Dzire,Maruti,2024,780000,6200,Petrol
488,Hyundai Grand i10,Hyundai,2023,750000,15800,Petrol
489,Tata Tiago Revotorq,Tata,2016,231000,50000,Diesel
490,Maruti Suzuki New,Maruti,2018,170000,73000,Petrol
491,Tata ALTROZ XZ,Tata,2021,550000,53400,Petrol
492,Maruti Suzuki Wagon,Maruti,2023,485000,41500,CNG
493,Honda Jazz 1.2,Honda,2017,425000,62000,Petrol
494,Hyundai Verna 1.6,Hyundai,2014,465000,40000,Petrol
495,Maruti Suzuki Vitara,Maruti,2016,850000,50000,Diesel
496,Maruti Suzuki Swift,Maruti,2011,390000,80000,Diesel
497,Toyota Glanza G,Toyota,2020,485000,58000,Petrol
498,Tata Tigor Revotron,Tata,2023,550000,37000,CNG
499,Maruti Suzuki Baleno,Maruti,2024,850000,8900,Petrol
500,Tata Manza ELAN,Tata,2012,155000,83000,Petrol
501,Mitsubishi Outlander 2.4,Mitsubishi,2012,651000,67000,Petrol
502,Hyundai Verna 1.6,Hyundai,2012,350000,85000,Diesel
503,Honda City V,Honda,2015,450000,10000,Diesel
504,Honda City VX,Honda,2015,670000,84000,Petrol
505,Honda City VX,Honda,2015,670000,84000,Petrol
506,Maruti Suzuki Dzire,Maruti,2024,780000,6200,Petrol
507,Hyundai Grand i10,Hyundai,2023,750000,15800,Petrol
508,Tata Tiago Revotorq,Tata,2016,231000,50000,Diesel
509,Maruti Suzuki New,Maruti,2018,170000,73000,Petrol
510,Tata ALTROZ XZ,Tata,2021,550000,53400,Petrol
511,Maruti Suzuki Wagon,Maruti,2023,485000,41500,CNG
512,Honda Jazz 1.2,Honda,2017,425000,62000,Petrol
513,Hyundai Verna 1.6,Hyundai,2014,465000,40000,Petrol
514,Maruti Suzuki Vitara,Maruti,2016,850000,50000,Diesel
515,Maruti Suzuki Swift,Maruti,2011,390000,80000,Diesel
516,Toyota Glanza G,Toyota,2020,485000,58000,Petrol
517,Tata Tigor Revotron,Tata,2023,550000,37000,CNG
518,Maruti Suzuki Baleno,Maruti,2024,850000,8900,Petrol
519,Tata Manza ELAN,Tata,2012,155000,83000,Petrol
520,Maruti Suzuki Wagon,Maruti,2011,125000,80000,Petrol
521,Chevrolet Beat LT,Chevrolet,2013,200000,60000,Petrol
522,Maruti Suzuki Swift,Maruti,2019,530000,35000,Diesel
523,Hyundai Venue S,Hyundai,2022,650000,14235,Petrol
524,MG Motors Astor,MG,2024,920000,20000,Petrol
525,MG Motors Astor,MG,2024,925000,20000,Petrol
526,Maruti Suzuki Ertiga,Maruti,2021,1010000,11000,Petrol
527,Fiat Linea Dynamic,Fiat,2014,150000,80000,Petrol
528,Skoda Slavia,Skoda,2024,1875000,10600,Petrol
529,Mahindra XUV500,Mahindra,2017,650000,91677,Diesel
530,Maruti Suzuki Swift,Maruti,2017,550000,64000,Diesel
531,Tata Punch Creative,Tata,2024,710000,38000,CNG
532,Tata Zest XT,Tata,2018,380000,98000,Diesel
533,Volkswagen VIRTUS,Volkswagen,2024,1300000,27000,Petrol
534,Tata Punch Creative,Tata,2024,710000,38000,CNG
535,Tata Zest XE,Tata,2018,382000,98000,Diesel
536,Renault Kiger RXT,Renault,2021,350000,69000,Petrol
537,Maruti Suzuki Baleno,Maruti,2024,680000,8312,Petrol
538,Hyundai Creta 1.6,Hyundai,2018,580000,60000,Petrol
539,Hyundai Creta 1.6,Hyundai,2018,580000,60000,Petrol
540,Maruti Suzuki Ciaz,Maruti,2022,675000,40000,Petrol
541,Honda City 1.5,Honda,2010,240000,1040,Petrol
542,Mahindra Thar LX,Mahindra,2022,1125000,49000,Petrol
543,Hyundai Venue S,Hyundai,2022,650000,14235,Petrol
544,MG Motors Astor,MG,2024,920000,20000,Petrol
545,MG Motors Astor,MG,2024,925000,20000,Petrol
546,Maruti Suzuki Ertiga,Maruti,2021,1010000,11000,Petrol
547,Fiat Linea Dynamic,Fiat,2014,150000,80000,Petrol
548,Skoda Slavia,Skoda,2024,1875000,10600,Petrol
549,Mahindra XUV500,Mahindra,2017,650000,91677,Diesel
550,Maruti Suzuki Swift,Maruti,2017,550000,64000,Diesel
551,Tata Punch Creative,Tata,2024,710000,38000,CNG
552,Tata Zest XT,Tata,2018,380000,98000,Diesel
553,Volkswagen VIRTUS,Volkswagen,2024,1300000,27000,Petrol
554,Tata Punch Creative,Tata,2024,710000,38000,CNG
555,Tata Zest XE,Tata,2018,382000,98000,Diesel
556,Renault Kiger RXT,Renault,2021,350000,69000,Petrol
557,Maruti Suzuki Baleno,Maruti,2024,680000,8312,Petrol
558,Hyundai Creta 1.6,Hyundai,2018,580000,60000,Petrol
559,Hyundai Creta 1.6,Hyundai,2018,580000,60000,Petrol
560,Maruti Suzuki Ciaz,Maruti,2022,675000,40000,Petrol
561,Honda City 1.5,Honda,2010,240000,1040,Petrol
562,Mahindra Thar LX,Mahindra,2022,1125000,49000,Petrol
563,Maruti Suzuki Swift,Maruti,2017,450000,85000,CNG
564,Mahindra Thar LX,Mahindra,2022,1125000,49000,Petrol
565,Honda City 1.5,Honda,2010,245000,56,Petrol
566,Maruti Suzuki Wagon,Maruti,2010,149000,70000,Petrol
567,Maruti Suzuki A,Maruti,2010,120000,76000,Petrol
568,Hyundai Santro Xing,Hyundai,2011,175000,38000,Petrol
569,Maruti Suzuki Swift,Maruti,2016,550000,17000,Diesel
570,Tata Tiago XZ,Tata,2020,390000,49000,Petrol
571,Toyota Innova Crysta,Toyota,2024,2650000,11300,Diesel
572,Maruti Suzuki Eeco,Maruti,2017,289000,80000,Petrol
573,Honda City 1.5,Honda,2023,50000,2564,Petrol
574,Hyundai i20 Magna,Hyundai,2012,300000,45000,Petrol
575,Tata Hexa XTA,Tata,2018,850000,20000,Diesel
576,Hyundai i10 Sportz,Hyundai,2017,260000,17600,Petrol
577,Datsun RediGo A,Datsun,2020,200000,59000,Hybrid
578,Kia Carens Premium,Kia,2024,1300000,9200,Petrol
579,Volkswagen Polo GT,Volkswagen,2014,430000,12400,Diesel
580,Hyundai i10 Magna,Hyundai,2012,150000,52500,Petrol
581,Tata TIAGO JTP,Tata,2019,395000,17000,Petrol
582,Maruti Suzuki Eeco,Maruti,2014,300000,33000,Petrol
583,Maruti Suzuki Celerio,Maruti,2019,260000,70000,Petrol
584,Chevrolet Beat LT,Chevrolet,2012,98000,84000,Diesel
585,Maruti Suzuki Wagon,Maruti,2024,135000,90000,CNG
586,Mahindra Thar LX,Mahindra,2022,1125000,49000,Petrol
587,Honda City 1.5,Honda,2010,245000,56,Petrol
588,Maruti Suzuki Wagon,Maruti,2010,149000,70000,Petrol
589,Maruti Suzuki A,Maruti,2010,120000,76000,Petrol
590,Hyundai Santro Xing,Hyundai,2011,175000,38000,Petrol
591,Maruti Suzuki Swift,Maruti,2016,550000,17000,Diesel
592,Tata Tiago XZ,Tata,2020,390000,49000,Petrol
593,Toyota Innova Crysta,Toyota,2024,2650000,11300,Diesel
594,Maruti Suzuki Eeco,Maruti,2017,289000,80000,Petrol
595,Honda City 1.5,Honda,2023,50000,2564,Petrol
596,Hyundai i20 Magna,Hyundai,2012,300000,45000,Petrol
597,Tata Hexa XTA,Tata,2018,850000,20000,Diesel
598,Hyundai i10 Sportz,Hyundai,2017,260000,17600,Petrol
599,Datsun RediGo A,Datsun,2020,200000,59000,Hybrid
600,Kia Carens Premium,Kia,2024,1300000,9200,Petrol
601,Volkswagen Polo GT,Volkswagen,2014,430000,12400,Diesel
602,Hyundai i10 Magna,Hyundai,2012,150000,52500,Petrol
603,Tata TIAGO JTP,Tata,2019,395000,17000,Petrol
604,Maruti Suzuki Eeco,Maruti,2014,300000,33000,Petrol
605,Maruti Suzuki Celerio,Maruti,2019,260000,70000,Petrol
606,Chevrolet Beat LT,Chevrolet,2012,98000,84000,Diesel
607,Maruti Suzuki Wagon,Maruti,2024,135000,90000,CNG
608,Toyota Innova 2.0,Toyota,2012,360000,290,Diesel
609,Hyundai AURA S,Hyundai,2023,550000,48000,CNG
610,Maruti Suzuki Swift,Maruti,2024,800000,10000,Petrol
611,Ford Figo Titanium,Ford,2015,500000,22200,Petrol
612,Hyundai i20 Sportz,Hyundai,2012,260000,31000,Petrol
613,Hyundai i20 Sportz,Hyundai,2012,265000,31000,Petrol
614,Hyundai Venue SX,Hyundai,2020,950000,46500,Petrol
615,Toyota Innova 2.0,Toyota,2012,360000,290,Diesel
616,Maruti Suzuki Swift,Maruti,2015,250000,26500,Petrol
617,Maruti Suzuki Swift,Maruti,2024,820000,21000,Petrol
618,Maruti Suzuki Wagon,Maruti,2011,275000,76000,Petrol
619,Jeep Compass Sport,Jeep,2020,850000,37000,Petrol
620,Volkswagen Polo COMFORTLINE,Volkswagen,2011,160000,86000,Petrol
621,Jeep Compass Sport,Jeep,2020,975000,37000,Petrol
622,Maruti Suzuki Alto,Maruti,2008,110000,15000,Petrol
623,Hyundai Verna 1.6,Hyundai,2024,1175000,3750,Petrol
624,Tata Tiago XZA,Tata,2018,339000,12000,Petrol
625,Tata TIAGO NRG,Tata,2023,650000,47000,Petrol
626,Kia Sonet HTK,Kia,2022,850000,52000,Petrol
627,Hyundai Grand i10,Hyundai,2017,325000,11000,Petrol
628,Mahindra SCORPIO N,Mahindra,2024,1925000,52980,Diesel
629,Mercedes Benz GLA,Mercedes,2015,1750000,150,Diesel
630,Maruti Suzuki Ertiga,Maruti,2022,800000,35000,CNG
631,Honda City VX,Honda,2016,730000,38000,Petrol
632,Hyundai i20 Sportz,Hyundai,2012,265000,31000,Petrol
633,Hyundai Venue SX,Hyundai,2020,950000,46500,Petrol
634,Toyota Innova 2.0,Toyota,2012,360000,290,Diesel
635,Maruti Suzuki Swift,Maruti,2015,250000,26500,Petrol
636,Maruti Suzuki Swift,Maruti,2024,820000,21000,Petrol
637,Maruti Suzuki Wagon,Maruti,2011,275000,76000,Petrol
638,Jeep Compass Sport,Jeep,2020,850000,37000,Petrol
639,Volkswagen Polo COMFORTLINE,Volkswagen,2011,160000,86000,Petrol
640,Jeep Compass Sport,Jeep,2020,975000,37000,Petrol
641,Maruti Suzuki Alto,Maruti,2008,110000,15000,Petrol
642,Hyundai Verna 1.6,Hyundai,2024,1175000,3750,Petrol
643,Tata Tiago XZA,Tata,2018,339000,12000,Petrol
644,Tata TIAGO NRG,Tata,2023,650000,47000,Petrol
645,Kia Sonet HTK,Kia,2022,850000,52000,Petrol
646,Hyundai Grand i10,Hyundai,2017,325000,11000,Petrol
647,Mahindra SCORPIO N,Mahindra,2024,1925000,52980,Diesel
648,Mercedes Benz GLA,Mercedes,2015,1750000,150,Diesel
649,Maruti Suzuki Ertiga,Maruti,2022,800000,35000,CNG
650,Honda City VX,Honda,2016,730000,38000,Petrol
651,Maruti Suzuki FRONX,Maruti,2023,649000,68000,Petrol
652,Honda City VX,Honda,2016,730000,38000,Petrol
653,Hyundai Eon Era,Hyundai,2018,148000,89900,Petrol
654,Mahindra Scorpio M2DI,Mahindra,2019,1230000,0,Diesel
655,Kia Seltos GTX,Kia,2023,1895000,37500,Diesel
656,Mahindra Scorpio Classic,Mahindra,2017,710000,25000,Diesel
657,Hyundai Creta N,Hyundai,2024,2390000,1500,Petrol
658,Tata Nexon XZA,Tata,2023,1200000,14000,Petrol
659,Hyundai Verna 1.6,Hyundai,2009,199000,15000,Diesel
660,Maruti Suzuki Ertiga,Maruti,2024,1100000,35000,Petrol
661,Mahindra Bolero SLX,Mahindra,2011,185000,32422,Diesel
662,Maruti Suzuki Baleno,Maruti,2016,525000,25600,Petrol
663,Maruti Suzuki Baleno,Maruti,2016,525000,25600,Petrol
664,Maruti Suzuki Eeco,Maruti,2012,220000,50000,CNG
665,Maruti Suzuki Eeco,Maruti,2012,220000,50000,CNG
666,Hyundai Elite i20,Hyundai,2019,650000,66745,Petrol
667,Mahindra Bolero Power,Mahindra,2018,500000,38000,Diesel
668,Mahindra XUV700,Mahindra,2022,2200000,28070,Petrol
669,Datsun Redi GO,Datsun,2019,350000,19500,Petrol
670,Maruti Suzuki Ciaz,Maruti,2017,485000,71000,Petrol
671,Maruti Suzuki Swift,Maruti,2021,400000,80000,Petrol
672,Maruti Suzuki Alto,Maruti,2011,140000,64000,Petrol
673,Hyundai Grand i10,Hyundai,2019,425000,30000,Petrol
674,Honda Amaze 1.5,Honda,2017,150000,99999,Diesel
675,Kia Seltos GTX,Kia,2023,1895000,37500,Diesel
676,Mahindra Scorpio Classic,Mahindra,2017,710000,25000,Diesel
677,Hyundai Creta N,Hyundai,2024,2390000,1500,Petrol
678,Tata Nexon XZA,Tata,2023,1200000,14000,Petrol
679,Hyundai Verna 1.6,Hyundai,2009,199000,15000,Diesel
680,Maruti Suzuki Ertiga,Maruti,2024,1100000,35000,Petrol
681,Mahindra Bolero SLX,Mahindra,2011,185000,32422,Diesel
682,Maruti Suzuki Baleno,Maruti,2016,525000,25600,Petrol
683,Maruti Suzuki Baleno,Maruti,2016,525000,25600,Petrol
684,Maruti Suzuki Eeco,Maruti,2012,220000,50000,CNG
685,Maruti Suzuki Eeco,Maruti,2012,220000,50000,CNG
686,Hyundai Elite i20,Hyundai,2019,650000,66745,Petrol
687,Mahindra Bolero Power,Mahindra,2018,500000,38000,Diesel
688,Mahindra XUV700,Mahindra,2022,2200000,28070,Petrol
689,Datsun Redi GO,Datsun,2019,350000,19500,Petrol
690,Maruti Suzuki Ciaz,Maruti,2017,485000,71000,Petrol
691,Maruti Suzuki Swift,Maruti,2021,400000,80000,Petrol
692,Maruti Suzuki Alto,Maruti,2011,140000,64000,Petrol
693,Hyundai Grand i10,Hyundai,2019,425000,30000,Petrol
694,Honda Amaze 1.5,Honda,2017,150000,99999,Diesel
695,Renault Duster 85PS,Renault,2014,375000,75000,Diesel
696,Tata Harrier XT,Tata,2020,1200000,21860,Diesel
697,Maruti Suzuki Ertiga,Maruti,2016,499000,91000,CNG
698,Hyundai Xcent Base,Hyundai,2017,265000,35580,Diesel
699,Maruti Suzuki Wagon,Maruti,2016,175000,65000,CNG
700,Hyundai Xcent E,Hyundai,2017,340000,87000,Petrol
701,Maruti Suzuki Dzire,Maruti,2016,455000,60000,Diesel
702,Renault Kwid RXE,Renault,2019,245000,65000,CNG
703,Honda Jazz 1.2,Honda,2012,120000,80000,CNG
704,Mahindra XUV300,Mahindra,2024,950000,46000,Diesel
705,Hyundai i20 Sportz,Hyundai,2015,400000,45000,Diesel
706,Maruti Suzuki Alto,Maruti,2022,320000,17000,Petrol
707,Ford Figo Aspire,Ford,2016,210000,35000,Diesel
708,Chevrolet Beat LT,Chevrolet,2010,120000,50000,Petrol
709,Maruti Suzuki Wagon,Maruti,2012,125000,0,CNG
710,Honda City ZX,Honda,2007,135000,25000,Petrol
711,Hyundai Santro Xing,Hyundai,2008,131000,10500,Petrol
712,Toyota Glanza V,Toyota,2023,915000,13950,Petrol
713,Hyundai Alcazar Signature,Hyundai,2021,1785000,23000,Petrol
714,Land Rover Range,Land,2020,7800000,55000,Petrol
715,Tata Tiago XM,Tata,2020,395000,54000,Petrol
716,Honda City VX,Honda,2015,355000,96000,Petrol
717,Honda ELEVATE,Honda,2023,1500000,24990,Petrol
718,Maruti Suzuki Ertiga,Maruti,2016,499000,91000,CNG
719,Hyundai Xcent Base,Hyundai,2017,265000,35580,Diesel
720,Maruti Suzuki Wagon,Maruti,2016,175000,65000,CNG
721,Hyundai Xcent E,Hyundai,2017,340000,87000,Petrol
722,Maruti Suzuki Dzire,Maruti,2016,455000,60000,Diesel
723,Renault Kwid RXE,Renault,2019,245000,65000,CNG
724,Honda Jazz 1.2,Honda,2012,120000,80000,CNG
725,Mahindra XUV300,Mahindra,2024,950000,46000,Diesel
726,Hyundai i20 Sportz,Hyundai,2015,400000,45000,Diesel
727,Maruti Suzuki Alto,Maruti,2022,320000,17000,Petrol
728,Ford Figo Aspire,Ford,2016,210000,35000,Diesel
729,Chevrolet Beat LT,Chevrolet,2010,120000,50000,Petrol
730,Maruti Suzuki Wagon,Maruti,2012,125000,0,CNG
731,Honda City ZX,Honda,2007,135000,25000,Petrol
732,Hyundai Santro Xing,Hyundai,2008,131000,10500,Petrol
733,Toyota Glanza V,Toyota,2023,915000,13950,Petrol
734,Hyundai Alcazar Signature,Hyundai,2021,1785000,23000,Petrol
735,Land Rover Range,Land,2020,7800000,55000,Petrol
736,Tata Tiago XM,Tata,2020,395000,54000,Petrol
737,Honda City VX,Honda,2015,355000,96000,Petrol
738,Honda ELEVATE,Honda,2023,1500000,24990,Petrol
739,Hyundai Xcent E,Hyundai,2018,425000,90000,Diesel
740,Maruti Suzuki S,Maruti,2022,365000,65000,CNG
741,MG Motors Hector,MG,2019,800000,50000,Petrol
742,Hyundai Creta 1.6,Hyundai,2023,1895000,7500,Petrol
743,Mahindra Marazzo M2,Mahindra,2020,910000,90000,Diesel
744,Mahindra XUV300,Mahindra,2024,840000,7200,Petrol
745,Kia Seltos HTK,Kia,2020,900000,65000,Petrol
746,Maruti Suzuki Ertiga,Maruti,2016,550000,92000,Hybrid
747,Mahindra Thar LX,Mahindra,2022,1625000,6000,Petrol
748,Maruti Suzuki Swift,Maruti,2017,380000,28000,Petrol
749,Chevrolet Beat LT,Chevrolet,2012,130000,70000,Diesel
750,Maruti Suzuki Alto,Maruti,2012,90000,40000,Petrol
751,Hyundai Santro Xing,Hyundai,2012,99000,75000,CNG
752,Maruti Suzuki Eeco,Maruti,2019,430000,18000,Petrol
753,Maruti Suzuki Swift,Maruti,2015,270000,75000,Diesel
754,Mahindra Maxx,Mahindra,2013,85000,80000,Diesel
755,Maruti Suzuki Swift,Maruti,2021,530000,85000,CNG
756,Tata Nexon XM,Tata,2023,750000,34500,Petrol
757,Hyundai Venue S,Hyundai,2020,630000,21000,Petrol
758,Mercedes Benz E,Mercedes,2011,675000,40000,Petrol
759,Maruti Suzuki Alto,Maruti,2010,140000,35000,CNG
760,Maruti Suzuki Swift,Maruti,2021,530000,85000,CNG
761,Hyundai Elite i20,Hyundai,2016,700000,59000,Petrol
762,Maruti Suzuki Wagon,Maruti,2009,110000,10000,Petrol
763,Maruti Suzuki S,Maruti,2022,365000,65000,CNG
764,MG Motors Hector,MG,2019,800000,50000,Petrol
765,Hyundai Creta 1.6,Hyundai,2023,1895000,7500,Petrol
766,Mahindra Marazzo M2,Mahindra,2020,910000,90000,Diesel
767,Mahindra XUV300,Mahindra,2024,840000,7200,Petrol
768,Kia Seltos HTK,Kia,2020,900000,65000,Petrol
769,Maruti Suzuki Ertiga,Maruti,2016,550000,92000,Hybrid
770,Mahindra Thar LX,Mahindra,2022,1625000,6000,Petrol
771,Maruti Suzuki Swift,Maruti,2017,380000,28000,Petrol
772,Chevrolet Beat LT,Chevrolet,2012,130000,70000,Diesel
773,Maruti Suzuki Alto,Maruti,2012,90000,40000,Petrol
774,Hyundai Santro Xing,Hyundai,2012,99000,75000,CNG
775,Maruti Suzuki Eeco,Maruti,2019,430000,18000,Petrol
776,Maruti Suzuki Swift,Maruti,2015,270000,75000,Diesel
777,Mahindra Maxx,Mahindra,2013,85000,80000,Diesel
778,Maruti Suzuki Swift,Maruti,2021,530000,85000,CNG
779,Tata Nexon XM,Tata,2023,750000,34500,Petrol
780,Hyundai Venue S,Hyundai,2020,630000,21000,Petrol
781,Mercedes Benz E,Mercedes,2011,675000,40000,Petrol
782,Maruti Suzuki Alto,Maruti,2010,140000,35000,CNG
783,Maruti Suzuki Swift,Maruti,2021,530000,85000,CNG
784,Hyundai Elite i20,Hyundai,2016,700000,59000,Petrol
785,Renault Kiger RXT,Renault,2021,499000,22686,Petrol
786,Maruti Suzuki Ertiga,Maruti,2022,1200000,32000,Petrol
787,Tata Hexa XM,Tata,2017,650000,68000,Diesel
788,Hyundai Eon Sportz,Hyundai,2018,230000,48000,Petrol
789,Hyundai Xcent 1.2,Hyundai,2014,350000,52000,Petrol
790,Hyundai Alcazar Signature,Hyundai,2022,1340000,62879,Diesel
791,Hyundai Getz GLE,Hyundai,2007,100000,86000,Petrol
792,Honda City 1.5,Honda,2013,290000,85000,CNG
793,Maruti Suzuki Wagon,Maruti,2024,600000,22000,CNG
794,Honda WR V,Honda,2019,630000,22000,Petrol
795,Maruti Suzuki Baleno,Maruti,2018,695000,15000,Petrol
796,Maruti Suzuki Wagon,Maruti,2009,125000,70000,Petrol
797,Tata Nano LX,Tata,2010,120,28000,Petrol
798,Maruti Suzuki Alto,Maruti,2011,190000,91865,Petrol
799,Mahindra Xylo H4,Mahindra,2019,650000,50000,Diesel
800,Maruti Suzuki Swift,Maruti,2024,800000,25000,Petrol
801,Hyundai i20 Magna,Hyundai,2011,200000,85000,CNG
802,Skoda Fabia 1.2,Skoda,2011,185000,75000,Petrol
803,Tata Zest XT,Tata,2018,380000,95000,Diesel
804,Honda WR V,Honda,2017,470000,32500,Petrol
805,Tata Zest XT,Tata,2018,380000,95000,Diesel
806,Honda WR V,Honda,2017,470000,32500,Petrol
807,Maruti Suzuki Wagon,Maruti,2009,110000,10000,Petrol
808,Renault Kiger RXT,Renault,2021,499000,22686,Petrol
809,Maruti Suzuki Ertiga,Maruti,2022,1200000,32000,Petrol
810,Tata Hexa XM,Tata,2017,650000,68000,Diesel
811,Hyundai Eon Sportz,Hyundai,2018,230000,48000,Petrol
812,Hyundai Xcent 1.2,Hyundai,2014,350000,52000,Petrol
813,Hyundai Alcazar Signature,Hyundai,2022,1340000,62879,Diesel
814,Hyundai Getz GLE,Hyundai,2007,100000,86000,Petrol
815,Honda City 1.5,Honda,2013,290000,85000,CNG
816,Maruti Suzuki Wagon,Maruti,2024,600000,22000,CNG
817,Honda WR V,Honda,2019,630000,22000,Petrol
818,Maruti Suzuki Baleno,Maruti,2018,695000,15000,Petrol
819,Maruti Suzuki Wagon,Maruti,2009,125000,70000,Petrol
820,Tata Nano LX,Tata,2010,120,28000,Petrol
821,Maruti Suzuki Alto,Maruti,2011,190000,91865,Petrol
822,Mahindra Xylo H4,Mahindra,2019,650000,50000,Diesel
823,Maruti Suzuki Swift,Maruti,2024,800000,25000,Petrol
824,Hyundai i20 Magna,Hyundai,2011,200000,85000,CNG
825,Skoda Fabia 1.2,Skoda,2011,185000,75000,Petrol
826,Tata Zest XT,Tata,2018,380000,95000,Diesel
827,Honda WR V,Honda,2017,470000,32500,Petrol
828,Tata Zest XT,Tata,2018,380000,95000,Diesel
829,Honda WR V,Honda,2017,470000,32500,Petrol
830,Maruti Suzuki Swift,Maruti,2012,375000,62000,Diesel
831,Honda Mobilio RS,Honda,2015,325000,70000,Diesel
832,Mahindra XUV500,Mahindra,2013,460000,30000,Diesel
833,Kia Sonet HTK,Kia,2023,750000,12000,Petrol
834,Mahindra XUV500,Mahindra,2018,1150000,30073,Diesel
835,Maruti Suzuki Swift,Maruti,2024,1100,45000,Petrol
836,Skoda Kushaq,Skoda,2024,1675000,9300,Petrol
837,Tata Punch Creative,Tata,2022,721000,22000,Petrol
838,Kia Seltos HTE,Kia,2022,1080000,65000,Diesel
839,Chevrolet Beat LT,Chevrolet,2012,100000,69000,Diesel
840,Audi A3 35,Audi,2015,1200000,0,Diesel
841,Hyundai XCENT PRIME,Hyundai,2021,490000,40000,CNG
842,Maruti Suzuki Alto,Maruti,2010,80000,0,Petrol
843,Hyundai Xcent SX,Hyundai,2016,296000,95000,Petrol
844,Renault Duster 85,Renault,2017,600000,90333,Diesel
845,Maruti Suzuki Alto,Maruti,2010,80000,0,Petrol
846,Tata Tiago Revotron,Tata,2024,35000,35000,Petrol
847,Hyundai Creta 1.6,Hyundai,2020,860000,75000,Petrol
848,Renault Kwid RXL,Renault,2019,170000,65000,CNG
849,Maruti Suzuki Swift,Maruti,2022,600000,8938,Petrol
850,Volkswagen Polo COMFORTLINE,Volkswagen,2011,285000,84000,Petrol
851,Hyundai Tucson CRDi,Hyundai,2005,295000,96000,Diesel
852,Hyundai Tucson CRDi,Hyundai,2005,295000,96000,Diesel
853,Maruti Suzuki Swift,Maruti,2024,1100,45000,Petrol
854,Skoda Kushaq,Skoda,2024,1675000,9300,Petrol
855,Tata Punch Creative,Tata,2022,721000,22000,Petrol
856,Kia Seltos HTE,Kia,2022,1080000,65000,Diesel
857,Chevrolet Beat LT,Chevrolet,2012,100000,69000,Diesel
858,Audi A3 35,Audi,2015,1200000,0,Diesel
859,Hyundai XCENT PRIME,Hyundai,2021,490000,40000,CNG
860,Maruti Suzuki Alto,Maruti,2010,80000,0,Petrol
861,Hyundai Xcent SX,Hyundai,2016,296000,95000,Petrol
862,Renault Duster 85,Renault,2017,600000,90333,Diesel
863,Maruti Suzuki Alto,Maruti,2010,80000,0,Petrol
864,Tata Tiago Revotron,Tata,2024,35000,35000,Petrol
865,Hyundai Creta 1.6,Hyundai,2020,860000,75000,Petrol
866,Renault Kwid RXL,Renault,2019,170000,65000,CNG
867,Maruti Suzuki Swift,Maruti,2022,600000,8938,Petrol
868,Volkswagen Polo COMFORTLINE,Volkswagen,2011,285000,84000,Petrol
869,Hyundai Tucson CRDi,Hyundai,2005,295000,96000,Diesel
870,Hyundai Tucson CRDi,Hyundai,2005,295000,96000,Diesel
871,Maruti Suzuki Swift,Maruti,2022,565000,75500,CNG
872,Maruti Suzuki Swift,Maruti,2022,570000,77000,CNG
873,Hyundai Grand i10,Hyundai,2014,225000,91000,Petrol
874,Hyundai Grand i10,Hyundai,2014,225000,91000,Petrol
875,Skoda Kushaq Ambition,Skoda,2022,900000,32400,Petrol
876,Tata Punch Creative,Tata,2024,635000,12800,CNG
877,Maruti Suzuki Alto,Maruti,2008,200000,66890,Petrol
878,Toyota Innova 2.5,Toyota,2007,650000,99000,Diesel
879,Kia Sonet HTK,Kia,2024,900000,5000,Petrol
880,Hyundai Accent GLX,Hyundai,2009,120000,86000,Petrol
881,Tata Indica eV2,Tata,2015,110000,80000,Diesel
882,Tata Indica Vista,Tata,2011,110000,80416,Diesel
883,Hyundai Grand i10,Hyundai,2016,345000,30000,Diesel
884,Maruti Suzuki Alto,Maruti,2016,170000,65000,Petrol
885,Maruti Suzuki BREZZA,Maruti,2016,625000,41000,Diesel
886,Ford Endeavour 3.0L,Ford,2010,350000,95000,Diesel
887,Maruti Suzuki Swift,Maruti,2011,260000,84000,Petrol
888,Maruti Suzuki Alto,Maruti,2013,130000,31000,Petrol
889,Hyundai i10 1.2,Hyundai,2013,190000,26000,Petrol
890,Maruti Suzuki Wagon,Maruti,2010,130000,1698,Petrol
891,Tata Tigor Revotron,Tata,2017,350000,24000,Petrol
892,Tata Tigor Revotron,Tata,2017,350000,24000,Petrol
893,Hyundai i20 Era,Hyundai,2013,374998,46000,Petrol
894,Maruti Suzuki Maruti,Maruti,2003,30000,50000,Petrol
895,Toyota Innova 2.5,Toyota,2007,650000,99000,Diesel
896,Kia Sonet HTK,Kia,2024,900000,5000,Petrol
897,Hyundai Accent GLX,Hyundai,2009,120000,86000,Petrol
898,Tata Indica eV2,Tata,2015,110000,80000,Diesel
899,Tata Indica Vista,Tata,2011,110000,80416,Diesel
900,Hyundai Grand i10,Hyundai,2016,345000,30000,Diesel
901,Maruti Suzuki Alto,Maruti,2016,170000,65000,Petrol
902,Maruti Suzuki BREZZA,Maruti,2016,625000,41000,Diesel
903,Ford Endeavour 3.0L,Ford,2010,350000,95000,Diesel
904,Maruti Suzuki Swift,Maruti,2011,260000,84000,Petrol
905,Maruti Suzuki Alto,Maruti,2013,130000,31000,Petrol
906,Hyundai i10 1.2,Hyundai,2013,190000,26000,Petrol
907,Maruti Suzuki Wagon,Maruti,2010,130000,1698,Petrol
908,Tata Tigor Revotron,Tata,2017,350000,24000,Petrol
909,Tata Tigor Revotron,Tata,2017,350000,24000,Petrol
910,Hyundai i20 Era,Hyundai,2013,374998,46000,Petrol
911,Maruti Suzuki Maruti,Maruti,2003,30000,50000,Petrol
912,Tata Indica Vista,Tata,2014,150000,45000,Diesel
913,Mahindra XUV700,Mahindra,2023,1750000,43500,Diesel
914,Maruti Suzuki Alto,Maruti,2023,400000,16000,Petrol
915,Maruti Suzuki New,Maruti,2024,15000,30000,CNG
916,Maruti Suzuki Wagon,Maruti,2018,250000,85000,CNG
917,Hyundai Elite i20,Hyundai,2011,220000,70000,Diesel
918,Maruti Suzuki Omni,Maruti,2017,290000,30000,Petrol
919,Renault Triber RXZ,Renault,2020,500000,46500,Petrol
920,Maruti Suzuki Swift,Maruti,2008,165000,40000,Petrol
921,Maruti Suzuki Wagon,Maruti,2012,120000,55000,Petrol
922,Maruti Suzuki Wagon,Maruti,2012,120000,55000,Petrol
923,Toyota Etios GD,Toyota,2017,400000,50000,Diesel
924,Maruti Suzuki Swift,Maruti,2022,575000,52500,Petrol
925,Mahindra XUV 300,Mahindra,2020,899000,50000,Diesel
926,Tata Tigor Revotron,Tata,2022,600000,39500,CNG
927,Datsun Redi GO,Datsun,2016,195000,50000,Petrol
928,Maruti Suzuki Wagon,Maruti,2012,275000,38000,Petrol
929,Maruti Suzuki Maruti,Maruti,2007,75000,29000,Petrol
930,Maruti Suzuki Wagon,Maruti,2023,500000,50000,CNG
931,Maruti Suzuki Swift,Maruti,2020,380000,48000,CNG
932,Maruti Suzuki Eeco,Maruti,2013,171000,22586,Hybrid
933,BMW X1 sDrive20d,BMW,2013,800000,82000,Diesel
934,Maruti Suzuki Wagon,Maruti,2024,600000,22000,CNG
935,Maruti Suzuki Dzire,Maruti,2024,649999,65000,Petrol
936,Hyundai Elite i20,Hyundai,2011,220000,70000,Diesel
937,Maruti Suzuki Omni,Maruti,2017,290000,30000,Petrol
938,Renault Triber RXZ,Renault,2020,500000,46500,Petrol
939,Maruti Suzuki Swift,Maruti,2008,165000,40000,Petrol
940,Maruti Suzuki Wagon,Maruti,2012,120000,55000,Petrol
941,Maruti Suzuki Wagon,Maruti,2012,120000,55000,Petrol
942,Toyota Etios GD,Toyota,2017,400000,50000,Diesel
943,Maruti Suzuki Swift,Maruti,2022,575000,52500,Petrol
944,Mahindra XUV 300,Mahindra,2020,899000,50000,Diesel
945,Tata Tigor Revotron,Tata,2022,600000,39500,CNG
946,Datsun Redi GO,Datsun,2016,195000,50000,Petrol
947,Maruti Suzuki Wagon,Maruti,2012,275000,38000,Petrol
948,Maruti Suzuki Maruti,Maruti,2007,75000,29000,Petrol
949,Maruti Suzuki Wagon,Maruti,2023,500000,50000,CNG
950,Maruti Suzuki Swift,Maruti,2020,380000,48000,CNG
951,Maruti Suzuki Eeco,Maruti,2013,171000,22586,Hybrid
952,BMW X1 sDrive20d,BMW,2013,800000,82000,Diesel
953,Maruti Suzuki Wagon,Maruti,2024,600000,22000,CNG
954,Maruti Suzuki Dzire,Maruti,2024,649999,65000,Petrol
955,Maruti Suzuki Dzire,Maruti,2024,649999,65000,Petrol
956,Maruti Suzuki Ertiga,Maruti,2024,1020000,65000,CNG
957,Datsun Redi GO,Datsun,2018,125000,57407,Petrol
958,Maruti Suzuki Alto,Maruti,2008,75000,80000,Petrol
959,Toyota Fortuner 3.0,Toyota,2014,1350000,20000,Diesel
960,Tata Vista Tech,Tata,2014,120000,0,Diesel
961,Maruti Suzuki Wagon,Maruti,2014,230000,75000,Petrol
962,Mitsubishi Cedia New,Mitsubishi,2008,315000,89400,Petrol
963,Volkswagen Polo Highline,Volkswagen,2012,400000,5000,Diesel
964,Volkswagen Polo Highline,Volkswagen,2012,400000,5000,Diesel
965,Maruti Suzuki Swift,Maruti,2013,199997,77500,Petrol
966,Tata Nexon XM,Tata,2019,550000,47000,Petrol
967,Maruti Suzuki Swift,Maruti,2013,199997,77500,Petrol
968,Volkswagen Jetta Comfortline,Volkswagen,2014,278000,80000,Petrol
969,Mahindra XUV 300,Mahindra,2020,800000,46217,Petrol
970,Maruti Suzuki Ritz,Maruti,2010,300000,35000,Petrol
971,Tata Punch Creative,Tata,2023,810000,48000,Petrol
972,Toyota Innova Crysta,Toyota,2018,1200000,70000,Diesel
973,Maruti Suzuki Baleno,Maruti,2017,590000,22000,Petrol
974,Toyota Innova Crysta,Toyota,2021,2575000,17795,Diesel
975,Maruti Suzuki Ritz,Maruti,2011,155000,76000,CNG
976,Renault Kwid,Renault,2016,170000,47658,Petrol
977,Tata Nano LX,Tata,2011,110000,19000,Petrol
978,Toyota Fortuner 3.0,Toyota,2014,1350000,20000,Diesel
979,Tata Vista Tech,Tata,2014,120000,0,Diesel
980,Maruti Suzuki Wagon,Maruti,2014,230000,75000,Petrol
981,Mitsubishi Cedia New,Mitsubishi,2008,315000,89400,Petrol
982,Volkswagen Polo Highline,Volkswagen,2012,400000,5000,Diesel
983,Volkswagen Polo Highline,Volkswagen,2012,400000,5000,Diesel
984,Maruti Suzuki Swift,Maruti,2013,199997,77500,Petrol
985,Tata Nexon XM,Tata,2019,550000,47000,Petrol
986,Maruti Suzuki Swift,Maruti,2013,199997,77500,Petrol
987,Volkswagen Jetta Comfortline,Volkswagen,2014,278000,80000,Petrol
988,Mahindra XUV 300,Mahindra,2020,800000,46217,Petrol
989,Maruti Suzuki Ritz,Maruti,2010,300000,35000,Petrol
990,Tata Punch Creative,Tata,2023,810000,48000,Petrol
991,Toyota Innova Crysta,Toyota,2018,1200000,70000,Diesel
992,Maruti Suzuki Baleno,Maruti,2017,590000,22000,Petrol
993,Toyota Innova Crysta,Toyota,2021,2575000,17795,Diesel
994,Maruti Suzuki Ritz,Maruti,2011,155000,76000,CNG
995,Renault Kwid,Renault,2016,170000,47658,Petrol
996,Tata Nano LX,Tata,2011,110000,19000,Petrol
997,Maruti Suzuki Alto,Maruti,2010,65000,63000,Petrol
998,Tata Nano Twist,Tata,2015,85000,40000,Petrol
999,Tata Nano Base,Tata,2010,60000,18000,Petrol
1000,Honda City ZX,Honda,2006,210000,94000,Petrol
1001,Maruti Suzuki Alto,Maruti,2011,160000,5000,Petrol
1002,Honda City ZX,Honda,2006,210000,94000,Petrol
1003,Mahindra Marazzo M2,Mahindra,2023,650000,68000,Diesel
1004,Tata Tiago XZ,Tata,2020,500000,57650,Petrol
1005,Tata Tiago XZ,Tata,2020,465000,58000,Petrol
1006,Toyota Innova 2.5,Toyota,2007,265000,25000,Diesel
1007,Honda City 1.5,Honda,2014,570000,64300,Petrol
1008,Mahindra XUV 700,Mahindra,2024,2850000,2300,Diesel
1009,Mahindra KUV100 K6,Mahindra,2017,300000,54000,Petrol
1010,Lexus NX 300h,Lexus,2023,7250000,16950,Hybrid
1011,Land Rover Discovery,Land,2022,6000000,9500,Diesel
1012,Mahindra Xylo E4,Mahindra,2013,324000,28000,Diesel
1013,Maruti Suzuki Zen,Maruti,2011,115000,2466,Petrol
1014,Maruti Suzuki Ertiga,Maruti,2015,425000,33000,Diesel
1015,Maruti Suzuki SX4,Maruti,2024,175000,5000,Petrol
1016,Hyundai Creta 1.6,Hyundai,2016,516000,19000,Diesel
1017,Mahindra Thar DI,Mahindra,2022,1100000,51000,Diesel
1018,Maruti Suzuki Alto,Maruti,2014,150000,62200,Petrol
1019,Kia Seltos HTK,Kia,2024,1500000,0,Diesel
1020,Hyundai Santro,Hyundai,2019,400000,35000,Petrol
1021,Tata Nano Base,Tata,2010,60000,18000,Petrol
1022,Honda City ZX,Honda,2006,210000,94000,Petrol
1023,Maruti Suzuki Alto,Maruti,2011,160000,5000,Petrol
1024,Honda City ZX,Honda,2006,210000,94000,Petrol
1025,Mahindra Marazzo M2,Mahindra,2023,650000,68000,Diesel
1026,Tata Tiago XZ,Tata,2020,500000,57650,Petrol
1027,Tata Tiago XZ,Tata,2020,465000,58000,Petrol
1028,Toyota Innova 2.5,Toyota,2007,265000,25000,Diesel
1029,Honda City 1.5,Honda,2014,570000,64300,Petrol
1030,Mahindra XUV 700,Mahindra,2024,2850000,2300,Diesel
1031,Mahindra KUV100 K6,Mahindra,2017,300000,54000,Petrol
1032,Lexus NX 300h,Lexus,2023,7250000,16950,Hybrid
1033,Land Rover Discovery,Land,2022,6000000,9500,Diesel
1034,Mahindra Xylo E4,Mahindra,2013,324000,28000,Diesel
1035,Maruti Suzuki Zen,Maruti,2011,115000,2466,Petrol
1036,Maruti Suzuki Ertiga,Maruti,2015,425000,33000,Diesel
1037,Maruti Suzuki SX4,Maruti,2024,175000,5000,Petrol
1038,Hyundai Creta 1.6,Hyundai,2016,516000,19000,Diesel
1039,Mahindra Thar DI,Mahindra,2022,1100000,51000,Diesel
1040,Maruti Suzuki Alto,Maruti,2014,150000,62200,Petrol
1041,Kia Seltos HTK,Kia,2024,1500000,0,Diesel
1042,Hyundai Santro,Hyundai,2019,400000,35000,Petrol
1043,Hyundai Santro Xing,Hyundai,2008,97000,12264,Petrol
1044,Ford Figo ZXI,Ford,2013,260000,98000,Diesel
1045,Maruti Suzuki Dzire,Maruti,2017,419000,70000,Diesel
1046,Hyundai Eon Magna,Hyundai,2014,240000,68000,Petrol
1047,Maruti Suzuki Ertiga,Maruti,2014,400000,25000,Petrol
1048,Mahindra KUV100 K4,Mahindra,2017,240000,38000,Diesel
1049,Honda Civic 1.8,Honda,2009,110000,0,CNG
1050,Tata Sumo Gold,Tata,2013,245000,52000,Diesel
1051,Tata Tigor Revotron,Tata,2023,700000,22000,CNG
1052,Maruti Suzuki Estilo,Maruti,2009,110000,85860,Petrol
1053,Hyundai i20 Sportz,Hyundai,2016,340000,43000,Petrol
1054,Hyundai i20 Sportz,Hyundai,2016,340000,43000,Petrol
1055,Skoda Slavia,Skoda,2023,1900000,23125,Petrol
1056,Kia Seltos GTX,Kia,2021,1500000,35000,Petrol
1057,Ford Figo ZXI,Ford,2013,260000,98000,Diesel
1058,Ford EcoSport Titanium,Ford,2018,599996,73654,Diesel
1059,Mahindra KUV 100,Mahindra,2018,329999,54000,Petrol
1060,Ford EcoSport Titanium,Ford,2018,599996,73654,Diesel
1061,Maruti Suzuki Omni,Maruti,2016,315000,33000,Petrol
1062,Maruti Suzuki Omni,Maruti,2016,315000,33000,Petrol
1063,Maruti Suzuki Swift,Maruti,2023,725000,47000,CNG
1064,Maruti Suzuki Swift,Maruti,2023,725000,47000,CNG
1065,Renault Kwid RXT,Renault,2016,365000,28500,Petrol
1066,Ford Figo ZXI,Ford,2013,260000,98000,Diesel
1067,Maruti Suzuki Dzire,Maruti,2017,419000,70000,Diesel
1068,Hyundai Eon Magna,Hyundai,2014,240000,68000,Petrol
1069,Maruti Suzuki Ertiga,Maruti,2014,400000,25000,Petrol
1070,Mahindra KUV100 K4,Mahindra,2017,240000,38000,Diesel
1071,Honda Civic 1.8,Honda,2009,110000,0,CNG
1072,Tata Sumo Gold,Tata,2013,245000,52000,Diesel
1073,Tata Tigor Revotron,Tata,2023,700000,22000,CNG
1074,Maruti Suzuki Estilo,Maruti,2009,110000,85860,Petrol
1075,Hyundai i20 Sportz,Hyundai,2016,340000,43000,Petrol
1076,Hyundai i20 Sportz,Hyundai,2016,340000,43000,Petrol
1077,Skoda Slavia,Skoda,2023,1900000,23125,Petrol
1078,Kia Seltos GTX,Kia,2021,1500000,35000,Petrol
1079,Ford Figo ZXI,Ford,2013,260000,98000,Diesel
1080,Ford EcoSport Titanium,Ford,2018,599996,73654,Diesel
1081,Mahindra KUV 100,Mahindra,2018,329999,54000,Petrol
1082,Ford EcoSport Titanium,Ford,2018,599996,73654,Diesel
1083,Maruti Suzuki Omni,Maruti,2016,315000,33000,Petrol
1084,Maruti Suzuki Omni,Maruti,2016,315000,33000,Petrol
1085,Maruti Suzuki Swift,Maruti,2023,725000,47000,CNG
1086,Maruti Suzuki Swift,Maruti,2023,725000,47000,CNG
1087,Maruti Suzuki Omni,Maruti,2016,315000,33000,Petrol
1088,Mahindra KUV 100,Mahindra,2018,329999,54000,Petrol
1089,Hyundai i10 Magna,Hyundai,2011,81000,56000,Petrol
1090,Honda City 1.5,Honda,2016,530000,75000,CNG
1091,Renault Kiger RXZ,Renault,2021,650000,45400,Petrol
1092,Maruti Suzuki Wagon,Maruti,2023,475000,35000,CNG
1093,Honda Amaze 1.2,Honda,2018,505000,23000,Petrol
1094,Toyota Innova 2.5,Toyota,2015,850000,62356,Diesel
1095,Volkswagen Vento Comfortline,Volkswagen,2018,625000,18000,Diesel
1096,Maruti Suzuki Swift,Maruti,2024,930000,7790,Petrol
1097,Audi A4 30,Audi,2023,3965000,23000,Petrol
1098,Maruti Suzuki Swift,Maruti,2011,130000,50000,CNG
1099,Honda Amaze 1.2,Honda,2024,925000,15030,Petrol
1100,Ford EcoSport Titanium,Ford,2018,599999,71000,Diesel
1101,Maruti Suzuki Ritz,Maruti,2011,190000,59000,Diesel
1102,Toyota Innova Crysta,Toyota,2019,1674996,60000,Diesel
1103,Toyota Innova Crysta,Toyota,2019,1674996,60000,Diesel
1104,Maruti Suzuki Ertiga,Maruti,2014,600000,80000,CNG
1105,Maruti Suzuki FRONX,Maruti,2024,690000,50000,Petrol
1106,Mahindra Scorpio VLX,Mahindra,2014,599999,12600,Diesel
1107,Mahindra Bolero LX,Mahindra,2009,310000,28248,Diesel
1108,Renault Kwid RXT,Renault,2016,365000,28500,Petrol
1109,Maruti Suzuki Omni,Maruti,2016,315000,33000,Petrol
1110,Mahindra KUV 100,Mahindra,2018,329999,54000,Petrol
1111,Hyundai i10 Magna,Hyundai,2011,81000,56000,Petrol
1112,Honda City 1.5,Honda,2016,530000,75000,CNG
1113,Renault Kiger RXZ,Renault,2021,650000,45400,Petrol
1114,Maruti Suzuki Wagon,Maruti,2023,475000,35000,CNG
1115,Honda Amaze 1.2,Honda,2018,505000,23000,Petrol
1116,Toyota Innova 2.5,Toyota,2015,850000,62356,Diesel
1117,Volkswagen Vento Comfortline,Volkswagen,2018,625000,18000,Diesel
1118,Maruti Suzuki Swift,Maruti,2024,930000,7790,Petrol
1119,Audi A4 30,Audi,2023,3965000,23000,Petrol
1120,Maruti Suzuki Swift,Maruti,2011,130000,50000,CNG
1121,Honda Amaze 1.2,Honda,2024,925000,15030,Petrol
1122,Ford EcoSport Titanium,Ford,2018,599999,71000,Diesel
1123,Maruti Suzuki Ritz,Maruti,2011,190000,59000,Diesel
1124,Toyota Innova Crysta,Toyota,2019,1674996,60000,Diesel
1125,Toyota Innova Crysta,Toyota,2019,1674996,60000,Diesel
1126,Maruti Suzuki Ertiga,Maruti,2014,600000,80000,CNG
1127,Maruti Suzuki FRONX,Maruti,2024,690000,50000,Petrol
1128,Mahindra Scorpio VLX,Mahindra,2014,599999,12600,Diesel
1129,Mahindra Bolero LX,Mahindra,2009,310000,28248,Diesel
1130,Hyundai Creta 1.6,Hyundai,2024,1200000,11000,Petrol
1131,Hyundai i20 Active,Hyundai,2017,490000,37300,Petrol
1132,Datsun GO T,Datsun,2016,200000,67750,Petrol
1133,Renault Kwid,Renault,2019,280000,23000,Petrol
1134,Maruti Suzuki A,Maruti,2012,250000,63500,Petrol
1135,Toyota Fortuner 4x2,Toyota,2017,2000000,30000,Diesel
1136,Maruti Suzuki Alto,Maruti,2012,165000,98000,CNG
1137,Kia Carens,Kia,2023,1050000,80000,Petrol
1138,Maruti Suzuki Alto,Maruti,2014,2250000,0,Petrol
1139,Maruti Suzuki Swift,Maruti,2023,672000,40000,Petrol
1140,Maruti Suzuki Ertiga,Maruti,2021,850000,8000,CNG
1141,Datsun RediGo S,Datsun,2018,183000,86000,Petrol
1142,Maruti Suzuki Vitara,Maruti,2024,1000000,0,Petrol
1143,Maruti Suzuki Maruti,Maruti,2013,115000,60000,Petrol
1144,Maruti Suzuki Wagon,Maruti,2011,135000,70000,CNG
1145,Hyundai i20 Asta,Hyundai,2012,510000,71000,Diesel
1146,Hyundai i20 SPORTZ,Hyundai,2017,450000,90000,Petrol
1147,Maruti Suzuki Zen,Maruti,2010,115000,70000,Petrol
1148,Maruti Suzuki S,Maruti,2024,460000,42000,Petrol
1149,Maruti Suzuki Alto,Maruti,2014,150000,85000,Petrol
1150,Hyundai i10 Magna,Hyundai,2011,150000,45000,Petrol
1151,Toyota Innova Crysta,Toyota,2016,1100000,64500,Diesel
1152,Fiat Punto Sport,Fiat,2017,275000,0,Diesel
1153,Mahindra TUV300 T8,Mahindra,2016,595000,78000,Diesel
1154,Maruti Suzuki Alto,Maruti,2012,165000,98000,CNG
1155,Kia Carens,Kia,2023,1050000,80000,Petrol
1156,Maruti Suzuki Alto,Maruti,2014,2250000,0,Petrol
1157,Maruti Suzuki Swift,Maruti,2023,672000,40000,Petrol
1158,Maruti Suzuki Ertiga,Maruti,2021,850000,8000,CNG
1159,Datsun RediGo S,Datsun,2018,183000,86000,Petrol
1160,Maruti Suzuki Vitara,Maruti,2024,1000000,0,Petrol
1161,Maruti Suzuki Maruti,Maruti,2013,115000,60000,Petrol
1162,Maruti Suzuki Wagon,Maruti,2011,135000,70000,CNG
1163,Hyundai i20 Asta,Hyundai,2012,510000,71000,Diesel
1164,Hyundai i20 SPORTZ,Hyundai,2017,450000,90000,Petrol
1165,Maruti Suzuki Zen,Maruti,2010,115000,70000,Petrol
1166,Maruti Suzuki S,Maruti,2024,460000,42000,Petrol
1167,Maruti Suzuki Alto,Maruti,2014,150000,85000,Petrol
1168,Hyundai i10 Magna,Hyundai,2011,150000,45000,Petrol
1169,Toyota Innova Crysta,Toyota,2016,1100000,64500,Diesel
1170,Fiat Punto Sport,Fiat,2017,275000,0,Diesel
1171,Mahindra TUV300 T8,Mahindra,2016,595000,78000,Diesel
1172,Maruti Suzuki Swift,Maruti,2017,360000,76130,Diesel
1173,Volkswagen Polo Highline,Volkswagen,2013,425000,88700,Diesel
1174,Honda City 1.5,Honda,2009,190000,1480,Petrol
1175,Honda City 1.5,Honda,2009,190000,1480,Petrol
1176,Maruti Suzuki Alto,Maruti,2017,265000,68000,Petrol
1177,Tata Indica Vista,Tata,2012,115000,0,Diesel
1178,Toyota Fortuner 2.8,Toyota,2018,1700000,63000,Diesel
1179,Maruti Suzuki Alto,Maruti,2020,290000,95000,Hybrid
1180,Honda City 1.5,Honda,2010,235000,89653,Petrol
1181,Hyundai i20 Asta,Hyundai,2010,200000,88000,Petrol
1182,Honda City 1.5,Honda,2010,235000,89653,Petrol
1183,Skoda Fabia Scout,Skoda,2008,160000,85000,Petrol
1184,Skoda Fabia Scout,Skoda,2008,160000,85000,Petrol
1185,Maruti Suzuki Vitara,Maruti,2020,640000,75000,Petrol
1186,Maruti Suzuki Wagon,Maruti,2018,250000,85000,CNG
1187,Skoda Slavia 1.0,Skoda,2022,1300000,67000,Petrol
1188,Mahindra XUV 300,Mahindra,2022,850000,39500,Petrol
1189,Maruti Suzuki Zen,Maruti,2007,120000,10000,Petrol
1190,Maruti Suzuki Zen,Maruti,2007,120000,10000,Petrol
1191,Hyundai i10 Sportz,Hyundai,2010,139998,12000,Petrol
1192,Hyundai Grand i10,Hyundai,2017,330000,64000,Petrol
1193,Honda City 1.5,Honda,2022,1275000,2750,Petrol
1194,Mahindra XUV 700,Mahindra,2024,2685000,5000,Petrol
1195,Maruti Suzuki Alto,Maruti,2020,290000,95000,Hybrid
1196,Honda City 1.5,Honda,2010,235000,89653,Petrol
1197,Hyundai i20 Asta,Hyundai,2010,200000,88000,Petrol
1198,Honda City 1.5,Honda,2010,235000,89653,Petrol
1199,Skoda Fabia Scout,Skoda,2008,160000,85000,Petrol
1200,Skoda Fabia Scout,Skoda,2008,160000,85000,Petrol
1201,Maruti Suzuki Vitara,Maruti,2020,640000,75000,Petrol
1202,Maruti Suzuki Wagon,Maruti,2018,250000,85000,CNG
1203,Skoda Slavia 1.0,Skoda,2022,1300000,67000,Petrol
1204,Mahindra XUV 300,Mahindra,2022,850000,39500,Petrol
1205,Maruti Suzuki Zen,Maruti,2007,120000,10000,Petrol
1206,Maruti Suzuki Zen,Maruti,2007,120000,10000,Petrol
1207,Hyundai i10 Sportz,Hyundai,2010,139998,12000,Petrol
1208,Hyundai Grand i10,Hyundai,2017,330000,64000,Petrol
1209,Honda City 1.5,Honda,2022,1275000,2750,Petrol
1210,Mahindra XUV 700,Mahindra,2024,2685000,5000,Petrol
1211,Hyundai Tucson 2WD,Hyundai,2017,700000,10000,Petrol
1212,Tata NEXON EV,Tata,2023,1050000,44100,Petrol
1213,Hyundai i10 Sportz,Hyundai,2009,170000,72000,Petrol
1214,Maruti Suzuki Ciaz,Maruti,2022,750000,56000,Petrol
1215,Maruti Suzuki Alto,Maruti,2011,120000,56000,Petrol
1216,Mahindra Thar CRDe,Mahindra,2016,500000,99720,Diesel
1217,Hyundai Fluidic Verna,Hyundai,2012,340000,95000,Diesel
1218,Maruti Suzuki Eeco,Maruti,2019,440000,45000,Petrol
1219,Mahindra XUV500,Mahindra,2017,599000,65000,Diesel
1220,Maruti Suzuki Eeco,Maruti,2019,450000,45000,Petrol
1221,Hyundai i10 Magna,Hyundai,2013,258000,63000,Petrol
1222,Hyundai i10 Magna,Hyundai,2013,258000,63000,Petrol
1223,Hyundai i20 Sportz,Hyundai,2012,190000,90000,Diesel
1224,Hyundai i20 Sportz,Hyundai,2012,239000,80000,Diesel
1225,Maruti Suzuki Swift,Maruti,2016,305000,20000,Diesel
1226,Maruti Suzuki Wagon,Maruti,2013,210000,31000,CNG
1227,Mahindra Quanto C8,Mahindra,2012,350000,43000,Diesel
1228,Maruti Suzuki Swift,Maruti,2024,680000,25000,CNG
1229,Maruti Suzuki Eeco,Maruti,2011,315000,10000,Petrol
1230,Maruti Suzuki Ertiga,Maruti,2024,1021000,17000,Petrol
1231,MG Motors Hector,MG,2022,2050000,11800,Diesel
1232,Hyundai Santa Fe,Hyundai,2014,430000,95700,Diesel
1233,Mahindra Thar CRDe,Mahindra,2016,500000,99720,Diesel
1234,Hyundai Fluidic Verna,Hyundai,2012,340000,95000,Diesel
1235,Maruti Suzuki Eeco,Maruti,2019,440000,45000,Petrol
1236,Mahindra XUV500,Mahindra,2017,599000,65000,Diesel
1237,Maruti Suzuki Eeco,Maruti,2019,450000,45000,Petrol
1238,Hyundai i10 Magna,Hyundai,2013,258000,63000,Petrol
1239,Hyundai i10 Magna,Hyundai,2013,258000,63000,Petrol
1240,Hyundai i20 Sportz,Hyundai,2012,190000,90000,Diesel
1241,Hyundai i20 Sportz,Hyundai,2012,239000,80000,Diesel
1242,Maruti Suzuki Swift,Maruti,2016,305000,20000,Diesel
1243,Maruti Suzuki Wagon,Maruti,2013,210000,31000,CNG
1244,Mahindra Quanto C8,Mahindra,2012,350000,43000,Diesel
1245,Maruti Suzuki Swift,Maruti,2024,680000,25000,CNG
1246,Maruti Suzuki Eeco,Maruti,2011,315000,10000,Petrol
1247,Maruti Suzuki Ertiga,Maruti,2024,1021000,17000,Petrol
1248,MG Motors Hector,MG,2022,2050000,11800,Diesel
1249,Hyundai Santa Fe,Hyundai,2014,430000,95700,Diesel
1250,Maruti Suzuki A,Maruti,2011,110000,20000,Petrol
1251,Maruti Suzuki Wagon,Maruti,2016,340000,25000,Petrol
1252,Maruti Suzuki Swift,Maruti,2008,220000,78000,Petrol
1253,Mercedes Benz CLA,Mercedes,2018,2100000,44000,Diesel
1254,Maruti Suzuki Swift,Maruti,2024,835000,50,Petrol
1255,Maruti Suzuki New,Maruti,2024,700000,50,Petrol
1256,Hyundai Venue S,Hyundai,2021,800000,63000,Petrol
1257,Tata Tiago XE,Tata,2021,410000,16000,Petrol
1258,Tata Punch Creative,Tata,2023,620000,18000,Petrol
1259,Maruti Suzuki Swift,Maruti,2013,343000,75000,Petrol
1260,Hyundai Santa Fe,Hyundai,2014,430000,95700,Diesel
1261,Tata Indigo LS,Tata,2014,150000,64800,Diesel
1262,Maruti Suzuki Alto,Maruti,2011,140000,64772,Petrol
1263,Chevrolet Beat LS,Chevrolet,2016,170000,85000,Diesel
1264,Hyundai Venue S,Hyundai,2021,800000,63000,Petrol
1265,Hyundai Getz GLE,Hyundai,2007,140000,0,Petrol
1266,Maruti Suzuki Swift,Maruti,2024,550000,55000,Petrol
1267,Maruti Suzuki Wagon,Maruti,2017,120000,90000,Petrol
1268,Honda City ZX,Honda,2018,500000,55000,Petrol
1269,Hyundai i20 ASTA,Hyundai,2021,750000,50000,Petrol
1270,Hyundai Grand i10,Hyundai,2015,310000,12502,Diesel
1271,Honda City 1.5,Honda,2009,275000,84400,Petrol
1272,Maruti Suzuki Swift,Maruti,2024,835000,50,Petrol
1273,Maruti Suzuki New,Maruti,2024,700000,50,Petrol
1274,Hyundai Venue S,Hyundai,2021,800000,63000,Petrol
1275,Tata Tiago XE,Tata,2021,410000,16000,Petrol
1276,Tata Punch Creative,Tata,2023,620000,18000,Petrol
1277,Maruti Suzuki Swift,Maruti,2013,343000,75000,Petrol
1278,Hyundai Santa Fe,Hyundai,2014,430000,95700,Diesel
1279,Tata Indigo LS,Tata,2014,150000,64800,Diesel
1280,Maruti Suzuki Alto,Maruti,2011,140000,64772,Petrol
1281,Chevrolet Beat LS,Chevrolet,2016,170000,85000,Diesel
1282,Hyundai Venue S,Hyundai,2021,800000,63000,Petrol
1283,Hyundai Getz GLE,Hyundai,2007,140000,0,Petrol
1284,Maruti Suzuki Swift,Maruti,2024,550000,55000,Petrol
1285,Maruti Suzuki Wagon,Maruti,2017,120000,90000,Petrol
1286,Honda City ZX,Honda,2018,500000,55000,Petrol
1287,Hyundai i20 ASTA,Hyundai,2021,750000,50000,Petrol
1288,Hyundai Grand i10,Hyundai,2015,310000,12502,Diesel
1289,Honda City 1.5,Honda,2009,275000,84400,Petrol
1290,Hyundai NEW SANTRO,Hyundai,2020,329998,65000,Petrol
1291,Honda City 1.5,Honda,2009,275000,84400,Petrol
1292,Maruti Suzuki Swift,Maruti,2017,450000,75000,Diesel
1293,Volkswagen Polo HIGHLINE1.5L,Volkswagen,2017,370000,90000,Diesel
1294,Maruti Suzuki Swift,Maruti,2022,549000,56000,Petrol
1295,Maruti Suzuki Swift,Maruti,2013,440000,2000,Diesel
1296,Tata Safari Storme,Tata,2017,700000,60000,Diesel
1297,Hyundai Santro Xing,Hyundai,2008,75000,80721,Petrol
1298,Hyundai Santro 1.1,Hyundai,2020,329996,65000,Petrol
1299,Volkswagen Polo Highline1.2L,Volkswagen,2012,250000,47000,Diesel
1300,Maruti Suzuki Baleno,Maruti,2017,529000,53000,Petrol
1301,Renault Kiger RXT,Renault,2021,450000,87000,CNG
1302,Mercedes Benz CLA,Mercedes,2017,1500000,93000,Petrol
1303,Hyundai i20 Sportz,Hyundai,2021,640000,49100,Petrol
1304,Tata Nexon XZ,Tata,2018,610000,98300,Diesel
1305,Maruti Suzuki Dzire,Maruti,2023,680000,70000,CNG
1306,Chevrolet Spark LT,Chevrolet,2014,130000,95000,Petrol
1307,Maruti Suzuki Ertiga,Maruti,2023,980000,72000,Petrol
1308,Tata Nexon XM,Tata,2019,410000,62000,Petrol
1309,Volkswagen Polo Highline1.2L,Volkswagen,2012,250000,47000,Diesel
1310,Toyota Etios Liva,Toyota,2018,765000,89000,Diesel
1311,Hyundai Creta 1.6,Hyundai,2021,1075000,67000,Diesel
1312,Volkswagen Taigun,Volkswagen,2023,1100000,21000,Petrol
1313,Maruti Suzuki Swift,Maruti,2017,450000,75000,Diesel
1314,Volkswagen Polo HIGHLINE1.5L,Volkswagen,2017,370000,90000,Diesel
1315,Maruti Suzuki Swift,Maruti,2022,549000,56000,Petrol
1316,Maruti Suzuki Swift,Maruti,2013,440000,2000,Diesel
1317,Tata Safari Storme,Tata,2017,700000,60000,Diesel
1318,Hyundai Santro Xing,Hyundai,2008,75000,80721,Petrol
1319,Hyundai Santro 1.1,Hyundai,2020,329996,65000,Petrol
1320,Volkswagen Polo Highline1.2L,Volkswagen,2012,250000,47000,Diesel
1321,Maruti Suzuki Baleno,Maruti,2017,529000,53000,Petrol
1322,Renault Kiger RXT,Renault,2021,450000,87000,CNG
1323,Mercedes Benz CLA,Mercedes,2017,1500000,93000,Petrol
1324,Hyundai i20 Sportz,Hyundai,2021,640000,49100,Petrol
1325,Tata Nexon XZ,Tata,2018,610000,98300,Diesel
1326,Maruti Suzuki Dzire,Maruti,2023,680000,70000,CNG
1327,Chevrolet Spark LT,Chevrolet,2014,130000,95000,Petrol
1328,Maruti Suzuki Ertiga,Maruti,2023,980000,72000,Petrol
1329,Tata Nexon XM,Tata,2019,410000,62000,Petrol
1330,Volkswagen Polo Highline1.2L,Volkswagen,2012,250000,47000,Diesel
1331,Toyota Etios Liva,Toyota,2018,765000,89000,Diesel
1332,Hyundai Creta 1.6,Hyundai,2021,1075000,67000,Diesel
1333,Volkswagen Taigun,Volkswagen,2023,1100000,21000,Petrol
1334,Toyota Etios Liva,Toyota,2018,765000,89000,Diesel
1335,Ford EcoSport Titanium,Ford,2017,575000,95000,Diesel
1336,Mahindra SCORPIO N,Mahindra,2024,1850000,15343,Diesel
1337,Hyundai Elite i20,Hyundai,2024,50000,9999,Hybrid
1338,Kia Sonet HTX,Kia,2020,950000,34000,Petrol
1339,Toyota All New,Toyota,2019,1000000,0,Diesel
1340,Maruti Suzuki Swift,Maruti,2017,480000,1500,Petrol
1341,Honda WRV VX,Honda,2018,685000,50000,Petrol
1342,Toyota Corolla Altis,Toyota,2012,600000,17500,Petrol
1343,Tata Nexon XT,Tata,2022,600000,98000,Petrol
1344,Maruti Suzuki Zen,Maruti,2013,175000,80000,Petrol
1345,Tata Nexon XZA,Tata,2018,750000,75300,Diesel
1346,Renault Duster 4x4,Renault,2014,325000,34000,Diesel
1347,Honda City ZX,Honda,2005,200000,0,Petrol
1348,Tata Nexon XMA,Tata,2023,1050000,35150,Petrol
1349,Tata Nexon XMA,Tata,2023,1000000,35710,Petrol
1350,Toyota Innova Crysta,Toyota,2021,1450000,31000,Diesel
1351,Maruti Suzuki Alto,Maruti,2010,160000,84000,Petrol
1352,Honda City ZX,Honda,2006,145000,50000,Petrol
1353,Maruti Suzuki BREZZA,Maruti,2023,700000,50000,Petrol
1354,Tata Indica Vista,Tata,2015,180000,80000,Diesel
1355,Ford EcoSport Titanium,Ford,2017,575000,95000,Diesel
1356,Mahindra SCORPIO N,Mahindra,2024,1850000,15343,Diesel
1357,Hyundai Elite i20,Hyundai,2024,50000,9999,Hybrid
1358,Kia Sonet HTX,Kia,2020,950000,34000,Petrol
1359,Toyota All New,Toyota,2019,1000000,0,Diesel
1360,Maruti Suzuki Swift,Maruti,2017,480000,1500,Petrol
1361,Honda WRV VX,Honda,2018,685000,50000,Petrol
1362,Toyota Corolla Altis,Toyota,2012,600000,17500,Petrol
1363,Tata Nexon XT,Tata,2022,600000,98000,Petrol
1364,Maruti Suzuki Zen,Maruti,2013,175000,80000,Petrol
1365,Tata Nexon XZA,Tata,2018,750000,75300,Diesel
1366,Renault Duster 4x4,Renault,2014,325000,34000,Diesel
1367,Honda City ZX,Honda,2005,200000,0,Petrol
1368,Tata Nexon XMA,Tata,2023,1050000,35150,Petrol
1369,Tata Nexon XMA,Tata,2023,1000000,35710,Petrol
1370,Toyota Innova Crysta,Toyota,2021,1450000,31000,Diesel
1371,Maruti Suzuki Alto,Maruti,2010,160000,84000,Petrol
1372,Honda City ZX,Honda,2006,145000,50000,Petrol
1373,Maruti Suzuki BREZZA,Maruti,2023,700000,50000,Petrol
1374,Ford EcoSport Titanium,Ford,2013,415000,83846,Diesel
1375,Hyundai Grand i10,Hyundai,2022,750000,8000,Petrol
1376,Toyota Etios V,Toyota,2012,189000,65000,Petrol
1377,Maruti Suzuki Ertiga,Maruti,2024,1050000,41010,CNG
1378,Mahindra XUV 700,Mahindra,2022,1950000,77000,Diesel
1379,Hyundai Creta N,Hyundai,2021,1250000,94500,Diesel
1380,Maruti Suzuki Wagon,Maruti,2008,130000,25000,Petrol
1381,Maruti Suzuki Swift,Maruti,2013,190000,0,Petrol
1382,Mahindra XUV500,Mahindra,2017,850000,71000,Diesel
1383,Renault Duster 85,Renault,2014,310000,90000,Diesel
1384,Maruti Suzuki S,Maruti,2022,420000,75000,Petrol
1385,Maruti Suzuki S,Maruti,2022,420000,75000,Petrol
1386,Hyundai XCENT PRIME,Hyundai,2019,215000,32000,CNG
1387,Volkswagen Polo COMFORTLINE,Volkswagen,2011,310000,3500,Petrol
1388,Skoda Octavia LK,Skoda,2019,1575000,42800,Petrol
1389,Tata ALTROZ XZ,Tata,2023,799000,17400,Petrol
1390,Hyundai NEW SANTRO,Hyundai,2018,375000,77600,Petrol
1391,Tata ALTROZ XZ,Tata,2023,799000,17400,Petrol
1392,Hyundai Grand i10,Hyundai,2016,260000,25000,CNG
1393,Maruti Suzuki Wagon,Maruti,2022,500000,95000,CNG
1394,Tata Indigo CS,Tata,2012,125000,4200,Diesel
1395,Maruti Suzuki Celerio,Maruti,2017,260000,66000,Petrol
1396,Maruti Suzuki Invicto,Maruti,2024,3550000,0,Hybrid
1397,Tata Indica Vista,Tata,2015,180000,80000,Diesel
1398,Ford EcoSport Titanium,Ford,2013,415000,83846,Diesel
1399,Hyundai Grand i10,Hyundai,2022,750000,8000,Petrol
1400,Toyota Etios V,Toyota,2012,189000,65000,Petrol
1401,Maruti Suzuki Ertiga,Maruti,2024,1050000,41010,CNG
1402,Mahindra XUV 700,Mahindra,2022,1950000,77000,Diesel
1403,Hyundai Creta N,Hyundai,2021,1250000,94500,Diesel
1404,Maruti Suzuki Wagon,Maruti,2008,130000,25000,Petrol
1405,Maruti Suzuki Swift,Maruti,2013,190000,0,Petrol
1406,Mahindra XUV500,Mahindra,2017,850000,71000,Diesel
1407,Renault Duster 85,Renault,2014,310000,90000,Diesel
1408,Maruti Suzuki S,Maruti,2022,420000,75000,Petrol
1409,Maruti Suzuki S,Maruti,2022,420000,75000,Petrol
1410,Hyundai XCENT PRIME,Hyundai,2019,215000,32000,CNG
1411,Volkswagen Polo COMFORTLINE,Volkswagen,2011,310000,3500,Petrol
1412,Skoda Octavia LK,Skoda,2019,1575000,42800,Petrol
1413,Tata ALTROZ XZ,Tata,2023,799000,17400,Petrol
1414,Hyundai NEW SANTRO,Hyundai,2018,375000,77600,Petrol
1415,Tata ALTROZ XZ,Tata,2023,799000,17400,Petrol
1416,Hyundai Grand i10,Hyundai,2016,260000,25000,CNG
1417,Maruti Suzuki Wagon,Maruti,2022,500000,95000,CNG
1418,Tata Indigo CS,Tata,2012,125000,4200,Diesel
1419,Maruti Suzuki Celerio,Maruti,2017,260000,66000,Petrol
1420,Maruti Suzuki Invicto,Maruti,2024,3550000,0,Hybrid
1421,Maruti Suzuki Baleno,Maruti,2017,600000,87000,Diesel
1422,Maruti Suzuki Alto,Maruti,2014,250000,15000,Petrol
1423,Maruti Suzuki Wagon,Maruti,2022,500000,95000,CNG
1424,Mahindra Thar CRDe,Mahindra,2019,650000,64900,Diesel
1425,Maruti Suzuki BREZZA,Maruti,2019,760000,40000,Diesel
1426,Honda City 1.5,Honda,2019,835000,56700,Petrol
1427,Hyundai XCENT PRIME,Hyundai,2021,300000,0,CNG
1428,Hyundai i10 Magna,Hyundai,2012,180000,84000,CNG
1429,Tata Indigo eCS,Tata,2015,198765,0,Hybrid
1430,Audi Q5 30,Audi,2011,800000,58000,Diesel
1431,Maruti Suzuki Swift,Maruti,2024,590000,32000,CNG
1432,Toyota Corolla H1,Toyota,2010,250000,20000,Petrol
1433,Toyota Corolla H1,Toyota,2010,250000,20000,Petrol
1434,Maruti Suzuki FRONX,Maruti,2024,880000,14000,Petrol
1435,Hyundai Grand i10,Hyundai,2018,430000,7396,Petrol
1436,Toyota Yaris J,Toyota,2020,550000,80000,Petrol
1437,Honda City 1.5,Honda,2018,549000,99999,Diesel
1438,Maruti Suzuki Vitara,Maruti,2017,475000,29000,Diesel
1439,Hyundai i20 Active,Hyundai,2017,550000,0,Diesel
1440,Maruti Suzuki Grand,Maruti,2024,1050000,700,Petrol
1441,Maruti Suzuki Vitara,Maruti,2019,900000,60000,Diesel
1442,Maruti Suzuki Ertiga,Maruti,2014,399000,25000,Diesel
1443,Tata Tigor Revotron,Tata,2019,450000,37000,Petrol
1444,Hyundai XCENT PRIME,Hyundai,2021,300000,0,CNG
1445,Hyundai i10 Magna,Hyundai,2012,180000,84000,CNG
1446,Tata Indigo eCS,Tata,2015,198765,0,Hybrid
1447,Audi Q5 30,Audi,2011,800000,58000,Diesel
1448,Maruti Suzuki Swift,Maruti,2024,590000,32000,CNG
1449,Toyota Corolla H1,Toyota,2010,250000,20000,Petrol
1450,Toyota Corolla H1,Toyota,2010,250000,20000,Petrol
1451,Maruti Suzuki FRONX,Maruti,2024,880000,14000,Petrol
1452,Hyundai Grand i10,Hyundai,2018,430000,7396,Petrol
1453,Toyota Yaris J,Toyota,2020,550000,80000,Petrol
1454,Honda City 1.5,Honda,2018,549000,99999,Diesel
1455,Maruti Suzuki Vitara,Maruti,2017,475000,29000,Diesel
1456,Hyundai i20 Active,Hyundai,2017,550000,0,Diesel
1457,Maruti Suzuki Grand,Maruti,2024,1050000,700,Petrol
1458,Maruti Suzuki Vitara,Maruti,2019,900000,60000,Diesel
1459,Maruti Suzuki Ertiga,Maruti,2014,399000,25000,Diesel
1460,Tata Tigor Revotron,Tata,2019,450000,37000,Petrol
1461,Maruti Suzuki Baleno,Maruti,2019,575000,84500,Petrol
1462,Maruti Suzuki Swift,Maruti,2018,525000,41000,Petrol
1463,Tata Winger Deluxe,Tata,2024,1800000,62000,Diesel
1464,Maruti Suzuki Swift,Maruti,2014,275000,90000,Petrol
1465,Maruti Suzuki XL6,Maruti,2021,900000,40000,Petrol
1466,Honda Amaze 1.5,Honda,2017,370000,84945,CNG
1467,Hyundai XCENT PRIME,Hyundai,2018,350000,15000,Diesel
1468,Toyota Innova 2.5,Toyota,2008,550000,53000,Diesel
1469,Tata Indica V2,Tata,2010,82000,61000,Diesel
1470,Maruti Suzuki Alto,Maruti,2023,350000,65000,Petrol
1471,Kia Sonet HTK,Kia,2024,850000,32000,Petrol
1472,Ford EcoSport Titanium,Ford,2020,830000,39500,Diesel
1473,Maruti Suzuki Vitara,Maruti,2019,900000,60000,Diesel
1474,Honda City V,Honda,2008,145000,80000,Hybrid
1475,Maruti Suzuki Alto,Maruti,2021,320000,40000,Petrol
1476,Maruti Suzuki Celerio,Maruti,2014,260000,75000,Petrol
1477,Maruti Suzuki CELERIO,Maruti,2014,260000,75000,Petrol
1478,Maruti Suzuki Celerio,Maruti,2020,425000,68300,CNG
1479,Maruti Suzuki Celerio,Maruti,2020,425000,68000,CNG
1480,Hyundai Verna 1.4,Hyundai,2013,350000,30000,Diesel
1481,Skoda Rapid STYLE,Skoda,2021,580000,85998,Petrol
1482,Ford Figo Aspire,Ford,2016,300000,85500,Diesel
1483,Maruti Suzuki Swift,Maruti,2016,430000,62000,Diesel
1484,Mahindra Xylo E8,Mahindra,2010,195000,5000,Diesel
1485,Maruti Suzuki XL6,Maruti,2021,900000,40000,Petrol
1486,Toyota Innova 2.5,Toyota,2008,550000,53000,Diesel
1487,Tata Indica V2,Tata,2010,82000,61000,Diesel
1488,Maruti Suzuki Alto,Maruti,2023,350000,65000,Petrol
1489,Kia Sonet HTK,Kia,2024,850000,32000,Petrol
1490,Ford EcoSport Titanium,Ford,2020,830000,39500,Diesel
1491,Maruti Suzuki Vitara,Maruti,2019,900000,60000,Diesel
1492,Honda City V,Honda,2008,145000,80000,Hybrid
1493,Maruti Suzuki Alto,Maruti,2021,320000,40000,Petrol
1494,Maruti Suzuki Celerio,Maruti,2014,260000,75000,Petrol
1495,Maruti Suzuki CELERIO,Maruti,2014,260000,75000,Petrol
1496,Maruti Suzuki Celerio,Maruti,2020,425000,68300,CNG
1497,Maruti Suzuki Celerio,Maruti,2020,425000,68000,CNG
1498,Hyundai Verna 1.4,Hyundai,2013,350000,30000,Diesel
1499,Skoda Rapid STYLE,Skoda,2021,580000,85998,Petrol
1500,Ford Figo Aspire,Ford,2016,300000,85500,Diesel
1501,Maruti Suzuki Swift,Maruti,2016,430000,62000,Diesel
1502,Mahindra Xylo E8,Mahindra,2010,195000,5000,Diesel
1503,Maruti Suzuki Ignis,Maruti,2021,395000,49100,Petrol
1504,Mahindra Bolero XL,Mahindra,2013,450000,75000,Diesel
1505,Hyundai Creta 1.6,Hyundai,2017,799000,77632,Petrol
1506,Tata Nano GenX,Tata,2015,150000,30000,Petrol
1507,Toyota Innova Crysta,Toyota,2018,2500000,45000,Diesel
1508,Tata Nano Twist,Tata,2015,150000,30000,Petrol
1509,Maruti Suzuki Swift,Maruti,2010,275000,10000,Diesel
1510,Kia Sonet HTK,Kia,2021,700000,55000,Petrol
1511,Hyundai i20 Active,Hyundai,2017,425000,59000,Petrol
1512,Maruti Suzuki Alto,Maruti,2015,250000,41411,Petrol
1513,Mahindra Bolero SLX,Mahindra,2011,360000,10000,Diesel
1514,Tata Nexon XZ,Tata,2017,430000,76000,Diesel
1515,Toyota Innova Crysta,Toyota,2018,2500000,45000,Diesel
1516,Kia Seltos HTE,Kia,2023,1290000,29000,Diesel
1517,Tata Nexon XZA,Tata,2022,900000,12600,Petrol
1518,Hyundai Grand i10,Hyundai,2018,350000,65000,CNG
1519,Maruti Suzuki Vitara,Maruti,2017,510000,5700,Diesel
1520,Chevrolet Cruze LTZ,Chevrolet,2011,380000,38665,Diesel
1521,Maruti Suzuki Zen,Maruti,2007,140000,22000,Petrol
1522,Maruti Suzuki Swift,Maruti,2020,3,200,Diesel
1523,Maruti Suzuki Swift,Maruti,2024,685000,18000,CNG
1524,Renault Captur Renault,Renault,2019,550000,75000,Diesel
1525,Maruti Suzuki Alto,Maruti,2018,285000,35000,Petrol
1526,Ford Figo ZXI,Ford,2010,189999,68030,Petrol
1527,Hyundai i20 Active,Hyundai,2017,425000,59000,Petrol
1528,Maruti Suzuki Alto,Maruti,2015,250000,41411,Petrol
1529,Mahindra Bolero SLX,Mahindra,2011,360000,10000,Diesel
1530,Tata Nexon XZ,Tata,2017,430000,76000,Diesel
1531,Toyota Innova Crysta,Toyota,2018,2500000,45000,Diesel
1532,Kia Seltos HTE,Kia,2023,1290000,29000,Diesel
1533,Tata Nexon XZA,Tata,2022,900000,12600,Petrol
1534,Hyundai Grand i10,Hyundai,2018,350000,65000,CNG
1535,Maruti Suzuki Vitara,Maruti,2017,510000,5700,Diesel
1536,Chevrolet Cruze LTZ,Chevrolet,2011,380000,38665,Diesel
1537,Maruti Suzuki Zen,Maruti,2007,140000,22000,Petrol
1538,Maruti Suzuki Swift,Maruti,2020,3,200,Diesel
1539,Maruti Suzuki Swift,Maruti,2024,685000,18000,CNG
1540,Renault Captur Renault,Renault,2019,550000,75000,Diesel
1541,Maruti Suzuki Alto,Maruti,2018,285000,35000,Petrol
1542,Ford Figo ZXI,Ford,2010,189999,68030,Petrol
1543,Maruti Suzuki Alto,Maruti,2000,60000,60000,Petrol
1544,Maruti Suzuki BREZZA,Maruti,2024,800000,26000,Petrol
1545,Tata Nano Cx,Tata,2010,55000,37000,Petrol
1546,Nissan MAGNITE XV,Nissan,2021,410000,63000,Petrol
1547,Maruti Suzuki Wagon,Maruti,2010,165000,80000,Petrol
1548,Volkswagen Jetta 2.0L,Volkswagen,2013,510000,69000,Diesel
1549,Skoda Superb Elegance,Skoda,2012,180000,50000,Petrol
1550,Ford Figo Aspire,Ford,2015,250000,0,Petrol
1551,Mahindra Thar LX,Mahindra,2023,1500000,20000,Petrol
1552,Honda Brio 1.2,Honda,2018,300000,48000,Petrol
1553,Renault Duster 85,Renault,2013,350000,26000,Diesel
1554,Hyundai Verna 1.6,Hyundai,2013,170000,49000,Petrol
1555,Maruti Suzuki Alto,Maruti,2011,190000,71000,Petrol
1556,Toyota Etios Liva,Toyota,2013,445000,52000,Diesel
1557,Maruti Suzuki Alto,Maruti,2010,125000,60000,Petrol
1558,Mercedes Benz M,Mercedes,2014,1475000,44000,Diesel
1559,Skoda Rapid 1.6,Skoda,2014,350000,67000,Petrol
1560,Maruti Suzuki Alto,Maruti,2017,255000,62500,Petrol
1561,Maruti Suzuki Eeco,Maruti,2012,99800,50000,CNG
1562,Maruti Suzuki New,Maruti,2021,385000,66700,CNG
1563,Maruti Suzuki Gypsy,Maruti,2019,480000,45000,Petrol
1564,Hyundai Creta SX,Hyundai,2022,1300000,40000,Petrol
1565,Maruti Suzuki Wagon,Maruti,2016,315000,51000,Petrol
1566,Skoda Superb Elegance,Skoda,2012,180000,50000,Petrol
1567,Ford Figo Aspire,Ford,2015,250000,0,Petrol
1568,Mahindra Thar LX,Mahindra,2023,1500000,20000,Petrol
1569,Honda Brio 1.2,Honda,2018,300000,48000,Petrol
1570,Renault Duster 85,Renault,2013,350000,26000,Diesel
1571,Hyundai Verna 1.6,Hyundai,2013,170000,49000,Petrol
1572,Maruti Suzuki Alto,Maruti,2011,190000,71000,Petrol
1573,Toyota Etios Liva,Toyota,2013,445000,52000,Diesel
1574,Maruti Suzuki Alto,Maruti,2010,125000,60000,Petrol
1575,Mercedes Benz M,Mercedes,2014,1475000,44000,Diesel
1576,Skoda Rapid 1.6,Skoda,2014,350000,67000,Petrol
1577,Maruti Suzuki Alto,Maruti,2017,255000,62500,Petrol
1578,Maruti Suzuki Eeco,Maruti,2012,99800,50000,CNG
1579,Maruti Suzuki New,Maruti,2021,385000,66700,CNG
1580,Maruti Suzuki Gypsy,Maruti,2019,480000,45000,Petrol
1581,Hyundai Creta SX,Hyundai,2022,1300000,40000,Petrol
1582,Maruti Suzuki Wagon,Maruti,2016,315000,51000,Petrol
1583,Hyundai i20 Asta,Hyundai,2011,220000,46000,Diesel
1584,Mercedes Benz GLA,Mercedes,2016,1021000,48000,Diesel
1585,Renault Kwid 1.0,Renault,2022,400000,9000,Petrol
1586,Tata Tiago XE,Tata,2019,350000,82000,Petrol
1587,Maruti Suzuki Wagon,Maruti,2015,280000,60000,Petrol
1588,Maruti Suzuki Wagon,Maruti,2015,280000,60000,Petrol
1589,Ford Fiesta 1.6,Ford,2011,130000,70000,Petrol
1590,Toyota Urban Cruiser,Toyota,2023,1400000,41000,Petrol
1591,Tata Safari Storme,Tata,2015,600000,0,Diesel
1592,Hyundai Elite i20,Hyundai,2015,371000,62000,Petrol
1593,BMW X3 XDRIVE,BMW,2011,1200000,74100,Diesel
1594,Maruti Suzuki Ertiga,Maruti,2017,750000,98413,Diesel
1595,Mercedes Benz GLA,Mercedes,2016,1021000,48000,Diesel
1596,Hyundai Verna Fluidic,Hyundai,2011,350000,44500,Diesel
1597,Hyundai Verna Fluidic,Hyundai,2011,350000,44500,Diesel
1598,Hyundai Verna Fluidic,Hyundai,2011,350000,44500,Diesel
1599,Maruti Suzuki Swift,Maruti,2020,580000,99000,Diesel
1600,Maruti Suzuki Swift,Maruti,2014,330000,63000,Petrol
1601,Ford EcoSport Titanium,Ford,2015,325000,0,Petrol
1602,BMW 5 Series,BMW,2011,650000,40000,Diesel
1603,MG Motors Astor,MG,2021,1500000,32000,Petrol
1604,Hyundai Sonata Embera,Hyundai,2006,199999,80000,Petrol
1605,Mercedes Benz CLA,Mercedes,2019,1800000,65000,Diesel
1606,Maruti Suzuki BREZZA,Maruti,2020,875000,57000,Diesel
1607,Maruti Suzuki Wagon,Maruti,2015,280000,60000,Petrol
1608,Ford Fiesta 1.6,Ford,2011,130000,70000,Petrol
1609,Toyota Urban Cruiser,Toyota,2023,1400000,41000,Petrol
1610,Tata Safari Storme,Tata,2015,600000,0,Diesel
1611,Hyundai Elite i20,Hyundai,2015,371000,62000,Petrol
1612,BMW X3 XDRIVE,BMW,2011,1200000,74100,Diesel
1613,Maruti Suzuki Ertiga,Maruti,2017,750000,98413,Diesel
1614,Mercedes Benz GLA,Mercedes,2016,1021000,48000,Diesel
1615,Hyundai Verna Fluidic,Hyundai,2011,350000,44500,Diesel
1616,Hyundai Verna Fluidic,Hyundai,2011,350000,44500,Diesel
1617,Hyundai Verna Fluidic,Hyundai,2011,350000,44500,Diesel
1618,Maruti Suzuki Swift,Maruti,2020,580000,99000,Diesel
1619,Maruti Suzuki Swift,Maruti,2014,330000,63000,Petrol
1620,Ford EcoSport Titanium,Ford,2015,325000,0,Petrol
1621,BMW 5 Series,BMW,2011,650000,40000,Diesel
1622,MG Motors Astor,MG,2021,1500000,32000,Petrol
1623,Hyundai Sonata Embera,Hyundai,2006,199999,80000,Petrol
1624,Mercedes Benz CLA,Mercedes,2019,1800000,65000,Diesel
1625,Maruti Suzuki BREZZA,Maruti,2020,875000,57000,Diesel
1626,Maruti Suzuki Ertiga,Maruti,2024,1020000,90000,CNG
1627,Audi A6 2.0,Audi,2012,865000,23000,Diesel
1628,Hyundai Elite i20,Hyundai,2019,510000,35000,Petrol
1629,Hyundai Grand i10,Hyundai,2017,350000,1900,Petrol
1630,Honda Amaze 1.2,Honda,2019,494999,65000,Diesel
1631,Ford Figo Trend,Ford,2015,345000,15000,Diesel
1632,Maruti Suzuki Ertiga,Maruti,2024,1020000,90000,CNG
1633,Hyundai Xcent Base,Hyundai,2017,270000,0,CNG
1634,Mahindra Bolero SLX,Mahindra,2011,365000,60000,Diesel
1635,Toyota Corolla Altis,Toyota,2014,500000,74711,Petrol
1636,Mahindra Marazzo M2,Mahindra,2024,1300000,19000,Diesel
1637,BMW 3 Series,BMW,2013,1050000,30000,Diesel
1638,Mahindra XUV500,Mahindra,2015,435000,74000,Diesel
1639,Renault Duster 110,Renault,2016,375000,85000,Diesel
1640,Honda Civic 1.8V,Honda,2008,450000,18000,Petrol
1641,Chevrolet Sail 1.2,Chevrolet,2013,300000,10000,Petrol
1642,Ford Figo ZXI,Ford,2011,115000,98000,Diesel
1643,Maruti Suzuki Alto,Maruti,2013,200000,63000,Petrol
1644,Honda Amaze 1.2,Honda,2015,250000,42000,Petrol
1645,Hyundai Elite i20,Hyundai,2018,450000,122,Petrol
1646,Toyota Innova Crysta,Toyota,2022,2750000,27000,Diesel
1647,Maruti Suzuki Wagon,Maruti,2014,210000,38400,Petrol
1648,Mahindra Scorpio,Mahindra,2007,170000,62000,Diesel
